City_ID,City,Country,Date,Lat,Lng,Max Temp,Humidity,Cloudiness,Wind Speed
0,Port Alfred,ZA,2020-06-21 04:00:42,-33.59,26.89,61.0,89,3,4.0
1,Saskylakh,RU,2020-06-21 03:57:03,71.92,114.08,81.23,34,98,2.95
2,Port Elizabeth,ZA,2020-06-21 04:00:47,-33.92,25.57,59.0,93,16,18.34
3,Kruisfontein,ZA,2020-06-21 04:00:47,-34.0,24.73,54.14,95,20,8.88
4,Rikitea,PF,2020-06-21 04:00:29,-23.12,-134.97,74.32,83,83,16.93
5,Saint Anthony,US,2020-06-21 04:07:01,45.02,-93.22,66.2,68,1,3.36
6,Mataura,NZ,2020-06-21 04:00:37,-46.19,168.86,44.01,81,1,1.61
7,Hobart,AU,2020-06-21 03:57:48,-42.88,147.33,53.01,87,75,6.93
8,Grand Gaube,MU,2020-06-21 03:57:09,-20.01,57.66,71.01,83,18,8.01
9,Cape Town,ZA,2020-06-21 03:57:32,-33.93,18.42,60.01,93,40,10.29
10,Khasan,RU,2020-06-21 03:58:40,42.43,130.64,64.33,86,100,18.23
11,Lata,PT,2020-06-21 04:07:02,40.16,-8.33,62.01,97,27,1.01
12,Tupik,RU,2020-06-21 04:07:03,54.43,119.93,62.58,62,81,9.71
13,Vaini,TO,2020-06-21 03:55:59,-21.2,-175.2,77.0,88,75,5.82
14,Fairview,US,2020-06-21 04:07:03,40.81,-74.0,75.2,73,1,3.36
15,Morondava,MG,2020-06-21 03:58:38,-20.28,44.28,67.84,88,100,6.53
16,Nilanga,IN,2020-06-21 04:07:04,18.1,76.77,77.94,74,100,15.41
17,Trinidad,BO,2020-06-21 04:05:37,-14.83,-64.9,73.78,77,9,2.98
18,Punta Arenas,CL,2020-06-21 03:57:42,-53.15,-70.92,33.8,86,100,4.7
19,Ushuaia,AR,2020-06-21 04:00:28,-54.8,-68.3,37.4,91,75,5.82
20,New Norfolk,AU,2020-06-21 04:01:09,-42.78,147.06,53.01,91,100,0.96
21,Busselton,AU,2020-06-21 04:00:31,-33.65,115.33,62.01,44,0,5.55
22,Kavieng,PG,2020-06-21 04:01:04,-2.57,150.8,84.85,68,9,3.2
23,Saint-Pierre,RE,2020-06-21 04:07:05,-21.34,55.48,70.0,72,75,6.93
24,Ikungi,TZ,2020-06-21 04:07:05,-5.13,34.77,53.56,89,72,6.53
25,Lebu,CL,2020-06-21 03:58:20,-37.62,-73.65,48.42,84,0,5.53
26,Carnarvon,AU,2020-06-21 03:58:44,-24.87,113.63,78.8,44,0,5.82
27,Thompson,CA,2020-06-21 04:00:35,55.74,-97.86,50.0,93,75,9.17
28,Hilo,US,2020-06-21 04:00:42,19.73,-155.09,80.6,54,90,11.41
29,Kysyl-Syr,RU,2020-06-21 04:07:07,63.9,122.76,82.45,36,100,3.8
30,Laureles,US,2020-06-21 04:07:07,26.11,-97.49,84.0,78,1,13.87
31,Kadiri,IN,2020-06-21 04:07:07,14.12,78.17,83.86,54,99,18.03
32,Vila Do Maio,CV,2020-06-21 04:07:07,15.13,-23.22,75.2,78,20,12.75
33,Jamestown,US,2020-06-21 03:59:01,42.1,-79.24,68.0,82,90,4.09
34,Arraial Do Cabo,BR,2020-06-21 03:57:50,-22.97,-42.03,73.36,87,0,11.25
35,Broome,US,2020-06-21 04:01:27,42.25,-75.83,66.2,88,20,4.7
36,Bowen,AU,2020-06-21 04:07:08,-20.02,148.23,78.01,69,75,11.41
37,Cagliari,IT,2020-06-21 04:07:08,39.24,9.09,64.4,93,0,5.82
38,Albany,US,2020-06-21 04:00:35,42.6,-73.97,75.99,68,10,2.15
39,Castro,BR,2020-06-21 04:00:14,-24.79,-50.01,55.47,87,0,3.15
40,Butaritari,KI,2020-06-21 04:00:26,3.07,172.79,83.82,76,76,12.33
41,Qeshm,IR,2020-06-21 04:07:09,26.96,56.27,91.4,79,75,6.93
42,Muli,MV,2020-06-21 04:07:09,2.92,73.57,83.53,76,97,10.49
43,Fortuna,US,2020-06-21 04:07:10,40.6,-124.16,62.01,100,90,6.93
44,Capoeiras,BR,2020-06-21 04:07:10,-8.73,-36.63,61.45,100,13,9.62
45,Guymon,US,2020-06-21 04:07:10,36.68,-101.48,75.2,57,1,9.17
46,Katsuura,JP,2020-06-21 04:07:11,35.13,140.3,77.0,81,53,4.0
47,Chokurdakh,RU,2020-06-21 03:58:16,70.63,147.92,91.33,19,0,8.68
48,Birao,CF,2020-06-21 04:07:11,10.28,22.79,73.81,84,23,6.64
49,Balgazyn,RU,2020-06-21 04:07:11,51.0,95.2,71.73,42,1,6.53
50,Palauig,PH,2020-06-21 04:07:11,15.44,119.9,86.05,70,8,5.5
51,Oxapampa,PE,2020-06-21 04:07:12,-10.58,-75.4,58.51,90,63,1.25
52,Atuona,PF,2020-06-21 04:00:29,-9.8,-139.03,80.22,64,0,11.3
53,Stornoway,GB,2020-06-21 04:07:12,58.21,-6.39,54.0,93,100,6.93
54,San Angelo,US,2020-06-21 04:07:12,31.46,-100.44,82.99,59,98,14.34
55,Praia Da Vitoria,PT,2020-06-21 04:07:13,38.73,-27.07,66.2,88,20,5.86
56,Necochea,AR,2020-06-21 04:07:13,-38.55,-58.74,46.99,69,100,4.0
57,Beringovskiy,RU,2020-06-21 04:07:13,63.05,179.32,46.22,57,0,7.49
58,Hasaki,JP,2020-06-21 04:01:53,35.73,140.83,77.0,78,75,10.29
59,Vangaindrano,MG,2020-06-21 04:07:14,-23.35,47.6,64.89,93,100,6.67
60,Hobyo,SO,2020-06-21 04:07:14,5.35,48.53,79.56,67,23,23.49
61,Aklavik,CA,2020-06-21 04:07:14,68.22,-135.01,50.0,71,90,10.29
62,Santa Rosa,PH,2020-06-21 04:07:14,14.31,121.11,93.0,59,20,5.82
63,El Campo,US,2020-06-21 04:07:15,29.2,-96.27,80.01,83,1,4.7
64,Abalak,RU,2020-06-21 04:07:15,58.13,68.59,54.99,55,0,5.7
65,Ribeira Grande,PT,2020-06-21 04:01:01,38.52,-28.7,65.5,91,13,9.78
66,Bambanglipuro,ID,2020-06-21 04:00:36,-7.95,110.28,84.69,69,91,14.09
67,Marzuq,YE,2020-06-21 04:04:27,14.4,46.47,83.52,36,5,5.32
68,Jalu,LY,2020-06-21 04:00:49,29.03,21.55,72.68,72,0,9.93
69,Zhigansk,RU,2020-06-21 04:00:43,66.77,123.37,80.82,29,0,8.14
70,Zabid,YE,2020-06-21 04:07:16,14.2,43.32,87.21,62,0,9.78
71,Georgetown,MY,2020-06-21 04:00:53,5.41,100.34,89.6,70,20,2.24
72,Bira,RU,2020-06-21 04:07:17,49.0,132.47,54.0,95,100,9.53
73,Alugan,PH,2020-06-21 04:07:17,12.22,125.48,86.4,69,100,11.39
74,Bluff,NZ,2020-06-21 04:00:30,-46.6,168.33,46.24,74,2,5.32
75,Copiapo,CL,2020-06-21 04:06:23,-27.37,-70.33,53.6,93,90,2.24
76,Saint-Philippe,RE,2020-06-21 04:00:48,-21.36,55.77,69.01,72,75,6.93
77,Yar-Sale,RU,2020-06-21 04:07:18,66.83,70.83,50.97,72,93,10.74
78,Vardo,NO,2020-06-21 03:58:57,70.37,31.11,46.44,77,0,7.49
79,Nhamunda,BR,2020-06-21 04:07:18,-2.19,-56.71,73.6,95,86,1.83
80,Clyde,US,2020-06-21 04:07:19,41.3,-82.98,78.01,57,21,1.99
81,Hermanus,ZA,2020-06-21 04:00:38,-34.42,19.23,57.0,94,15,8.99
82,East London,ZA,2020-06-21 03:59:08,-33.02,27.91,71.6,24,0,11.41
83,Bathsheba,BB,2020-06-21 04:01:20,13.22,-59.52,82.4,83,40,19.46
84,Arauca,CO,2020-06-21 04:07:20,7.08,-70.76,72.03,98,17,2.62
85,Fairlie,GB,2020-06-21 04:07:20,55.76,-4.86,55.4,93,100,8.05
86,Sioux Lookout,CA,2020-06-21 04:07:20,50.1,-91.92,59.0,82,90,2.24
87,Victoria,HK,2020-06-21 03:57:42,22.29,114.16,91.99,62,93,15.99
88,Mahebourg,MU,2020-06-21 04:00:31,-20.41,57.7,68.0,88,75,14.99
89,Provideniya,RU,2020-06-21 04:00:32,64.38,-173.3,61.79,35,0,7.16
90,Acapulco,MX,2020-06-21 04:00:52,16.86,-99.89,82.31,73,100,2.84
91,Barranco,PA,2020-06-21 04:07:21,9.52,-82.7,77.34,86,100,2.77
92,Buchanan,LR,2020-06-21 04:07:21,5.88,-10.05,77.09,87,100,3.51
93,Tsogni,GA,2020-06-21 04:07:21,-2.79,10.1,72.16,92,79,5.79
94,Gallup,US,2020-06-21 04:07:22,35.53,-108.74,73.4,10,1,8.05
95,Sambava,MG,2020-06-21 04:07:22,-14.27,50.17,74.66,90,98,14.43
96,Arman,RU,2020-06-21 04:07:22,59.7,150.17,59.18,62,12,8.32
97,Port-Gentil,GA,2020-06-21 04:07:22,-0.72,8.78,75.87,85,89,15.21
98,Siquijor,PH,2020-06-21 04:07:23,9.21,123.52,87.8,74,40,9.17
99,Hithadhoo,MV,2020-06-21 04:01:26,-0.6,73.08,83.73,73,82,10.11
100,Bethel,US,2020-06-21 04:01:09,41.37,-73.41,69.8,83,1,3.31
101,Kodiak,US,2020-06-21 04:00:06,57.79,-152.41,51.8,87,90,12.75
102,Pedra Azul,BR,2020-06-21 04:07:23,-16.01,-41.3,56.55,98,31,2.51
103,Jaunjelgava,LV,2020-06-21 04:07:24,56.62,25.08,64.0,85,95,1.99
104,Sawakin,SD,2020-06-21 04:07:24,19.11,37.33,84.25,42,100,6.26
105,Avarua,CK,2020-06-21 03:59:37,-21.21,-159.78,73.4,64,100,9.17
106,Geraldton,AU,2020-06-21 03:58:57,-28.77,114.6,75.2,31,0,10.29
107,Coquimbo,CL,2020-06-21 04:05:20,-29.95,-71.34,53.6,93,37,6.93
108,Dikson,RU,2020-06-21 04:00:37,73.51,80.55,35.58,92,100,25.05
109,Plettenberg Bay,ZA,2020-06-21 04:07:25,-34.05,23.37,57.52,83,0,6.93
110,Moron,AR,2020-06-21 04:07:25,-34.65,-58.62,55.99,97,100,7.0
111,Cherrapunji,IN,2020-06-21 04:07:26,25.3,91.7,71.67,93,69,3.74
112,Chingirlau,KZ,2020-06-21 04:07:26,51.09,54.08,76.41,32,0,7.49
113,Lorengau,PG,2020-06-21 04:01:23,-2.02,147.27,84.65,70,17,1.12
114,Fortuna Foothills,US,2020-06-21 04:07:26,32.66,-114.41,96.8,11,1,8.05
115,Bontang,ID,2020-06-21 04:00:40,0.13,117.5,84.0,77,77,3.4
116,Burnie,AU,2020-06-21 04:00:33,-41.07,145.92,53.71,74,86,2.24
117,Ponta Do Sol,PT,2020-06-21 04:00:47,32.67,-17.1,69.8,68,40,13.87
118,Khatanga,RU,2020-06-21 04:01:08,71.97,102.5,65.12,48,77,16.17
119,Olinda,BR,2020-06-21 04:01:25,-8.01,-34.86,77.0,88,75,9.17
120,Kandi,BJ,2020-06-21 04:07:28,11.13,2.94,76.21,78,4,7.65
121,Juxtlahuaca,MX,2020-06-21 04:07:28,17.43,-99.15,73.53,80,100,4.41
122,Port Hedland,AU,2020-06-21 04:07:28,-20.32,118.57,80.6,19,0,19.46
123,Draguignan,FR,2020-06-21 04:07:29,43.53,6.47,66.2,55,2,2.24
124,Longyearbyen,SJ,2020-06-21 03:59:29,78.22,15.64,37.4,86,75,12.75
125,Airai,TL,2020-06-21 04:07:29,-8.93,125.41,72.39,61,0,4.88
126,Minot,US,2020-06-21 04:05:31,48.23,-101.3,59.0,58,1,9.17
127,Sitka,US,2020-06-21 03:58:25,57.05,-135.33,51.8,76,90,8.05
128,Lamu,KE,2020-06-21 04:07:30,-2.27,40.9,77.88,79,100,17.49
129,Komsomolskiy,UZ,2020-06-21 04:07:30,40.43,71.72,80.6,22,0,2.24
130,San Carlos De Bariloche,AR,2020-06-21 04:07:31,-41.15,-71.31,37.4,74,40,16.11
131,Beyneu,KZ,2020-06-21 04:07:31,45.32,55.2,79.47,29,84,15.28
132,Bredasdorp,ZA,2020-06-21 04:00:36,-34.53,20.04,53.6,87,0,4.88
133,Maglie,IT,2020-06-21 04:07:32,40.12,18.3,69.01,88,5,9.17
134,Arrecife,ES,2020-06-21 04:07:32,28.96,-13.55,69.8,73,20,11.41
135,Jaumave,MX,2020-06-21 04:07:32,23.42,-99.38,81.0,61,32,11.01
136,Snezhnogorsk,RU,2020-06-21 04:07:32,69.19,33.25,51.8,66,0,2.24
137,Banna,PH,2020-06-21 04:07:33,17.98,120.66,89.6,70,20,6.93
138,Trairi,BR,2020-06-21 04:04:13,-3.28,-39.27,76.08,82,2,10.07
139,Wagga Wagga,AU,2020-06-21 04:07:33,-35.12,147.37,55.4,82,75,5.82
140,Ahipara,NZ,2020-06-21 03:59:36,-35.17,173.17,59.72,81,52,10.65
141,Trelew,AR,2020-06-21 04:07:33,-43.25,-65.31,50.14,73,99,19.64
142,Qaanaaq,GL,2020-06-21 04:00:29,77.48,-69.36,37.74,74,66,6.26
143,Anuradhapura,LK,2020-06-21 04:07:34,8.36,80.42,85.8,66,100,14.92
144,Tasiilaq,GL,2020-06-21 04:00:31,65.61,-37.64,42.8,75,100,20.8
145,Tunceli,TR,2020-06-21 04:07:31,39.11,39.55,57.2,87,44,5.82
146,Corinto,GR,2020-06-21 04:07:35,37.94,22.96,75.0,53,0,3.0
147,Darnah,LY,2020-06-21 04:07:35,32.77,22.64,72.5,69,0,23.73
148,Naze,JP,2020-06-21 04:01:35,28.37,129.48,78.8,88,75,8.05
149,Pevek,RU,2020-06-21 04:01:39,69.7,170.31,44.85,71,54,5.53
150,Asau,RO,2020-06-21 04:07:36,46.43,26.4,62.01,79,100,4.47
151,Buala,SB,2020-06-21 04:07:36,-8.14,159.59,84.38,73,100,7.34
152,Mayo,US,2020-06-21 04:01:38,38.89,-76.51,72.0,83,1,4.7
153,Kondinskoye,RU,2020-06-21 04:07:36,59.65,67.41,52.14,60,11,10.18
154,Bulgan,MN,2020-06-21 04:07:36,48.81,103.53,52.97,87,100,9.19
155,Bandarbeyla,SO,2020-06-21 04:07:37,9.49,50.81,84.51,52,83,25.41
156,Boden,SE,2020-06-21 04:07:37,65.83,21.69,59.0,67,4,2.24
157,Snyder,US,2020-06-21 04:07:37,32.72,-100.92,82.4,58,1,8.05
158,Nanortalik,GL,2020-06-21 03:57:06,60.14,-45.24,39.9,83,98,8.14
159,Puerto Ayora,EC,2020-06-21 03:58:18,-0.74,-90.35,69.01,95,88,3.0
160,Pohrebyshche,UA,2020-06-21 04:07:38,49.49,29.26,64.4,93,75,6.71
161,San Andres,CO,2020-06-21 04:04:16,12.58,-81.7,84.2,83,75,11.41
162,Mildura,AU,2020-06-21 04:07:38,-34.2,142.15,53.6,81,90,13.87
163,Amahai,ID,2020-06-21 04:07:38,-3.33,128.92,82.83,74,39,12.28
164,Lompoc,US,2020-06-21 04:07:27,34.64,-120.46,57.2,87,10,9.17
165,Shahrud,IR,2020-06-21 04:07:13,36.42,54.98,82.92,14,26,6.98
166,Esperance,AU,2020-06-21 03:58:20,-33.87,121.9,55.4,66,0,13.87
167,Kaspiysk,RU,2020-06-21 04:07:39,42.88,47.64,78.8,54,95,15.66
168,Lincoln,US,2020-06-21 04:05:02,40.8,-96.67,75.2,69,1,4.7
169,Homer,US,2020-06-21 04:07:40,59.64,-151.55,55.4,58,75,4.7
170,Nesbyen,NO,2020-06-21 04:07:40,60.57,9.1,55.99,89,86,4.0
171,Ilulissat,GL,2020-06-21 04:01:30,69.22,-51.1,42.8,56,86,9.17
172,Lovozero,RU,2020-06-21 04:07:41,68.0,35.01,54.14,51,18,4.09
173,Bhuj,IN,2020-06-21 04:07:41,23.27,69.67,90.82,57,20,14.45
174,Broken Hill,AU,2020-06-21 04:07:41,-31.95,141.43,57.2,58,90,23.04
175,Tuatapere,NZ,2020-06-21 04:01:27,-46.13,167.68,45.37,75,3,2.93
176,Kamiiso,JP,2020-06-21 04:07:42,41.82,140.65,62.6,72,20,13.87
177,Qandala,SO,2020-06-21 04:07:42,11.47,49.87,90.36,54,74,2.8
178,Price,US,2020-06-21 04:07:31,39.6,-110.81,75.2,33,1,12.75
179,La Ronge,CA,2020-06-21 03:58:13,55.1,-105.28,51.8,66,90,2.24
180,Swift Current,CA,2020-06-21 04:07:43,50.28,-107.8,64.4,42,1,2.24
181,Pangoa,PE,2020-06-21 04:07:43,-12.12,-73.0,69.04,89,43,2.19
182,Kapaa,US,2020-06-21 04:00:58,22.08,-159.32,79.0,78,75,14.99
183,Mar Del Plata,AR,2020-06-21 04:00:56,-38.0,-57.56,53.01,93,100,14.54
184,Marawi,PH,2020-06-21 04:07:44,8.0,124.29,84.99,81,91,8.01
185,Salinas,US,2020-06-21 04:05:00,36.68,-121.66,59.0,82,90,13.87
186,Caravelas,BR,2020-06-21 04:07:44,-17.71,-39.25,69.71,86,1,4.14
187,Torbay,CA,2020-06-21 03:55:54,47.67,-52.73,39.0,93,5,3.36
188,Los Andes,CL,2020-06-21 04:07:45,-32.83,-70.6,50.0,93,75,4.7
189,Saint George,US,2020-06-21 04:00:16,37.1,-113.58,93.2,7,1,8.05
190,Yellowknife,CA,2020-06-21 04:00:50,62.46,-114.35,73.4,31,20,12.75
191,Narsaq,GL,2020-06-21 04:00:28,60.92,-46.05,44.6,65,69,4.7
192,Christchurch,NZ,2020-06-21 03:59:57,-43.53,172.63,50.0,81,36,11.41
193,Bend,US,2020-06-21 04:07:46,44.06,-121.32,66.0,61,78,1.01
194,Miri,MY,2020-06-21 04:07:46,4.41,114.01,82.4,88,75,3.36
195,Enshi,CN,2020-06-21 04:07:46,30.3,109.48,73.38,87,100,2.42
196,Kihei,US,2020-06-21 04:07:46,20.79,-156.47,86.0,48,40,19.46
197,Ampanihy,MG,2020-06-21 04:07:47,-24.7,44.75,66.33,71,88,3.33
198,Vestmannaeyjar,IS,2020-06-21 04:07:47,63.44,-20.27,51.03,84,100,22.32
199,Awjilah,LY,2020-06-21 04:07:47,29.11,21.29,71.78,79,0,11.56
200,Rocky Mount,US,2020-06-21 04:07:47,35.94,-77.79,68.0,94,75,1.03
201,Toora-Khem,RU,2020-06-21 04:07:47,52.47,96.11,70.41,46,45,4.61
202,Bonavista,CA,2020-06-21 04:07:48,48.65,-53.11,41.41,82,94,2.44
203,Utinga,BR,2020-06-21 04:07:48,-5.82,-35.4,73.4,100,40,4.7
204,Baoma,CN,2020-06-21 04:07:48,31.49,106.11,79.32,71,99,2.84
205,Adre,TD,2020-06-21 04:07:49,13.47,22.2,76.15,28,0,4.65
206,Klaksvik,FO,2020-06-21 03:57:01,62.23,-6.59,51.8,93,93,13.87
207,Barrow,US,2020-06-21 04:01:00,71.29,-156.79,37.4,78,20,11.41
208,Dingle,PH,2020-06-21 04:07:49,11.0,122.67,90.0,61,72,8.95
209,Asheboro,US,2020-06-21 04:07:49,35.71,-79.81,66.99,100,1,2.15
210,Sao Filipe,CV,2020-06-21 04:07:50,14.9,-24.5,74.95,80,2,7.63
211,Goderich,CA,2020-06-21 04:01:44,43.75,-81.72,71.01,64,91,9.98
212,Clyde River,CA,2020-06-21 04:07:50,70.47,-68.59,35.6,93,1,2.24
213,Bengkulu,ID,2020-06-21 04:00:15,-3.8,102.27,84.31,65,100,1.9
214,Saint-Augustin,CA,2020-06-21 03:58:43,51.23,-58.65,42.28,77,87,8.5
215,Rio Grande,BR,2020-06-21 03:59:53,-32.03,-52.1,62.01,99,82,1.01
216,Chokwe,MZ,2020-06-21 04:07:51,-24.53,32.98,57.61,95,0,2.55
217,Berlevag,NO,2020-06-21 04:07:51,70.86,29.09,49.17,67,25,1.7
218,Elat,IL,2020-06-21 04:07:51,29.56,34.95,75.2,53,0,4.72
219,Ambilobe,MG,2020-06-21 04:00:49,-13.2,49.05,72.14,87,3,3.29
220,Iqaluit,CA,2020-06-21 04:00:12,63.75,-68.51,37.4,86,90,3.36
221,Port Blair,IN,2020-06-21 04:07:52,11.67,92.75,85.19,75,100,11.68
222,Salalah,OM,2020-06-21 04:06:43,17.02,54.09,84.2,83,75,3.36
223,Roald,NO,2020-06-21 04:00:27,62.58,6.13,62.01,87,94,6.93
224,Pueblo,US,2020-06-21 04:07:53,38.25,-104.61,78.8,24,1,8.05
225,Montepuez,MZ,2020-06-21 04:07:53,-13.13,39.0,59.74,89,29,9.28
226,Ancud,CL,2020-06-21 04:00:44,-41.87,-73.82,42.01,100,1,5.82
227,Norman Wells,CA,2020-06-21 04:01:43,65.28,-126.83,60.8,93,90,10.29
228,Pangnirtung,CA,2020-06-21 04:07:54,66.15,-65.71,40.8,69,0,1.72
229,Vakhrushev,RU,2020-06-21 04:07:54,48.98,142.97,48.6,85,41,12.21
230,Williamsport,US,2020-06-21 04:07:30,41.24,-77.0,71.6,73,1,5.82
231,Road Town,VG,2020-06-21 04:04:02,18.42,-64.62,84.2,74,20,13.87
232,Waipawa,NZ,2020-06-21 04:07:55,-41.41,175.52,51.01,73,100,3.0
233,Lanxi,CN,2020-06-21 04:07:55,29.22,119.48,78.19,87,100,3.56
234,Cockburn Town,TC,2020-06-21 04:07:55,21.46,-71.14,82.51,82,39,19.86
235,Virginia Beach,US,2020-06-21 04:07:55,36.85,-75.98,70.0,93,90,4.18
236,Nanning,CN,2020-06-21 04:07:56,22.82,108.32,89.6,70,40,8.95
237,Chara,RU,2020-06-21 04:07:56,56.91,118.26,66.87,41,83,5.26
238,Emba,KZ,2020-06-21 04:07:56,48.83,58.14,76.14,19,33,9.48
239,Brenham,US,2020-06-21 04:07:56,30.17,-96.4,80.6,83,90,4.7
240,Harlingen,US,2020-06-21 04:07:57,26.19,-97.7,81.0,83,1,6.93
241,Zhangjiakou,CN,2020-06-21 04:00:57,40.81,114.88,87.3,34,0,6.6
242,Kushiro,JP,2020-06-21 04:07:57,42.98,144.37,59.0,72,75,6.93
243,Tiksi,RU,2020-06-21 03:58:39,71.69,128.87,68.05,35,0,9.22
244,Talnakh,RU,2020-06-21 04:01:51,69.49,88.4,48.2,70,75,20.13
245,Half Moon Bay,US,2020-06-21 04:07:58,37.46,-122.43,64.0,100,90,4.7
246,Lakhdenpokhya,RU,2020-06-21 04:07:58,61.52,30.2,57.0,68,0,6.64
247,Souillac,MU,2020-06-21 04:07:58,-20.52,57.52,68.0,88,75,14.99
248,Taksimo,RU,2020-06-21 04:07:59,56.34,114.88,74.03,36,56,2.8
249,Kodinsk,RU,2020-06-21 04:07:59,58.69,99.18,80.49,33,37,6.64
250,Vila Velha,BR,2020-06-21 04:07:59,-20.33,-40.29,71.6,83,0,6.93
251,Jiuquan,CN,2020-06-21 04:07:59,39.74,98.52,67.96,48,100,11.79
252,Qaqortoq,GL,2020-06-21 04:08:00,60.72,-46.03,44.6,65,76,4.7
253,Palu,ID,2020-06-21 04:08:00,-0.89,119.87,85.28,66,99,0.58
254,Bambous Virieux,MU,2020-06-21 04:01:25,-20.34,57.76,71.01,88,75,14.99
255,Kuching,MY,2020-06-21 04:05:59,1.55,110.33,87.8,74,40,2.24
256,Bethanien,NA,2020-06-21 04:08:01,-26.5,17.16,47.52,51,12,1.05
257,Kaitangata,NZ,2020-06-21 04:01:15,-46.28,169.85,46.99,67,31,7.0
258,Skjervoy,NO,2020-06-21 04:08:01,70.03,20.97,49.5,75,0,2.98
259,Hamilton,US,2020-06-21 03:57:55,39.18,-84.53,77.0,83,1,4.59
260,Mosquera,CO,2020-06-21 04:08:02,4.71,-74.23,53.6,87,75,6.93
261,Upernavik,GL,2020-06-21 04:00:36,72.79,-56.15,38.7,76,0,8.16
262,Saldanha,ZA,2020-06-21 03:58:57,-33.01,17.94,57.2,93,0,9.17
263,Amstetten,AT,2020-06-21 04:08:02,48.12,14.87,59.0,87,40,6.93
264,Kirakira,SB,2020-06-21 04:01:01,-10.45,161.92,83.93,71,96,10.47
265,Sayat,TM,2020-06-21 04:08:03,38.78,63.88,80.6,28,0,11.41
266,Mount Isa,AU,2020-06-21 04:08:03,-20.73,139.5,75.2,27,0,14.99
267,Daru,PG,2020-06-21 04:08:04,-9.08,143.21,80.71,79,33,12.75
268,Kahului,US,2020-06-21 04:01:14,20.89,-156.47,86.0,48,40,19.46
269,Marsh Harbour,BS,2020-06-21 04:05:14,26.54,-77.06,80.51,81,64,6.67
270,Buin,CL,2020-06-21 04:08:05,-33.73,-70.75,50.0,93,75,4.7
271,Xiuyan,CN,2020-06-21 04:08:05,40.29,123.27,81.05,57,22,12.91
272,Kailua,US,2020-06-21 04:06:31,21.4,-157.74,82.4,65,75,12.75
273,Aykhal,RU,2020-06-21 04:07:53,66.0,111.5,77.0,29,40,4.47
274,Tammisaari,FI,2020-06-21 04:08:05,59.97,23.43,59.0,75,0,1.01
275,Datong,CN,2020-06-21 04:08:06,40.09,113.29,85.71,32,0,6.44
276,La Rioja,ES,2020-06-21 04:08:06,42.25,-2.5,59.0,87,94,2.24
277,Erdaojiang,CN,2020-06-21 04:08:06,41.78,126.03,79.59,53,29,14.61
278,Neiafu,TO,2020-06-21 04:08:07,-18.65,-173.98,78.8,83,75,14.99
279,Nikolskoye,RU,2020-06-21 04:00:34,59.7,30.79,57.2,62,0,11.18
280,Odweyne,SO,2020-06-21 04:08:07,9.41,45.06,73.96,58,44,19.86
281,Severo-Kurilsk,RU,2020-06-21 03:58:44,50.68,156.12,43.68,88,100,19.89
282,Mitsamiouli,KM,2020-06-21 04:08:07,-11.38,43.28,75.96,86,100,18.86
283,Ordu,TR,2020-06-21 04:07:31,40.91,37.68,66.2,93,20,3.36
284,Pacocha,PE,2020-06-21 04:08:08,-17.58,-71.33,59.58,82,40,5.64
285,Muros,ES,2020-06-21 04:08:08,42.78,-9.06,64.0,89,89,5.01
286,Port Augusta,AU,2020-06-21 04:08:09,-32.5,137.77,60.8,55,17,16.11
287,Madison Heights,US,2020-06-21 04:08:09,42.49,-83.11,80.01,47,75,3.36
288,Rezh,RU,2020-06-21 04:08:09,57.37,61.4,51.87,53,0,9.57
289,Petropavlovsk-Kamchatskiy,RU,2020-06-21 04:01:52,53.05,158.65,53.6,71,100,15.66
290,Nyurba,RU,2020-06-21 04:08:10,63.28,118.33,84.58,32,18,3.53
291,Takhtamygda,RU,2020-06-21 04:08:10,54.1,123.57,59.38,79,77,9.66
292,Constitucion,CL,2020-06-21 04:08:10,-35.33,-72.42,51.76,86,10,2.59
293,Porto Novo,BJ,2020-06-21 04:08:11,6.5,2.6,75.81,91,80,4.07
294,Synya,RU,2020-06-21 04:08:11,65.37,58.04,50.9,73,100,11.03
295,Luderitz,NA,2020-06-21 04:01:07,-26.65,15.16,60.8,55,0,6.93
296,Malanje,AO,2020-06-21 04:08:11,-9.54,16.34,50.72,47,0,2.17
297,Magistralnyy,RU,2020-06-21 04:08:11,56.17,107.45,77.77,34,0,6.46
298,Dunedin,NZ,2020-06-21 03:59:40,-45.87,170.5,46.99,75,93,21.0
299,Leningradskiy,RU,2020-06-21 04:01:19,69.38,178.42,53.31,53,31,11.43
300,Wanaka,NZ,2020-06-21 04:08:12,-44.7,169.15,39.0,82,0,1.01
301,Chambery,FR,2020-06-21 04:08:12,45.57,5.93,51.8,93,6,2.24
302,Sur,OM,2020-06-21 04:04:28,22.57,59.53,91.98,51,29,6.69
303,San Ramon,US,2020-06-21 04:07:07,37.78,-121.98,66.2,63,1,11.41
304,Koundara,GN,2020-06-21 04:08:13,12.48,-13.3,74.89,90,100,2.35
305,Antofagasta,CL,2020-06-21 04:00:12,-23.65,-70.4,57.2,76,90,4.7
306,Iquitos,PE,2020-06-21 04:08:13,-3.75,-73.25,71.56,97,48,0.34
307,Statesboro,US,2020-06-21 04:08:14,32.45,-81.78,77.0,83,1,5.64
308,Los Llanos De Aridane,ES,2020-06-21 04:08:14,28.66,-17.92,71.6,64,75,14.99
309,Zabaykalsk,RU,2020-06-21 04:08:14,49.63,117.32,73.65,30,94,8.84
310,Payakumbuh,ID,2020-06-21 04:08:14,-0.22,100.63,87.08,52,4,2.3
311,Khlung,TH,2020-06-21 04:08:14,12.45,102.22,80.6,88,40,2.24
312,Weligama,LK,2020-06-21 04:08:15,5.97,80.42,84.54,76,83,15.14
313,Melipilla,CL,2020-06-21 04:04:11,-33.7,-71.22,55.4,87,90,4.7
314,Portland,US,2020-06-21 04:04:12,45.52,-122.68,68.0,82,75,6.51
315,Staryy Nadym,RU,2020-06-21 04:08:16,65.61,72.68,49.68,86,82,14.41
316,Sao Gabriel Da Cachoeira,BR,2020-06-21 04:00:12,-0.13,-67.09,72.68,98,81,1.1
317,Nome,US,2020-06-21 04:08:16,64.5,-165.41,62.6,77,90,6.93
318,Fairbanks,US,2020-06-21 04:08:16,64.84,-147.72,60.8,87,90,4.7
319,Pisco,PE,2020-06-21 04:08:16,-13.7,-76.22,64.4,82,75,9.17
320,Meiganga,CM,2020-06-21 04:08:17,6.52,14.3,65.25,96,100,3.56
321,Ginir,ET,2020-06-21 04:08:17,7.13,40.7,60.26,89,0,3.78
322,San Patricio,MX,2020-06-21 03:58:25,19.22,-104.7,78.89,70,72,0.65
323,Radovis,MK,2020-06-21 04:08:17,41.64,22.46,57.2,83,27,3.22
324,Srednekolymsk,RU,2020-06-21 04:08:18,67.45,153.68,90.27,20,11,8.86
325,Faya,SA,2020-06-21 04:08:18,18.39,42.45,69.8,45,98,4.74
326,Kapit,MY,2020-06-21 04:08:18,2.02,112.93,93.29,52,66,1.54
327,Moscow,RU,2020-06-21 04:06:16,55.75,37.62,57.2,93,75,13.42
328,Namibe,AO,2020-06-21 04:01:24,-15.2,12.15,69.19,51,0,3.87
329,Port Hardy,CA,2020-06-21 03:58:37,50.7,-127.42,55.4,87,90,5.82
330,Imeni Poliny Osipenko,RU,2020-06-21 04:08:19,52.42,136.49,58.55,79,99,12.03
331,Cayenne,GF,2020-06-21 04:01:18,4.93,-52.33,77.0,88,100,5.82
332,Waddan,LY,2020-06-21 04:08:20,29.16,16.14,69.98,55,0,9.53
333,Palana,RU,2020-06-21 04:08:20,59.12,159.97,53.85,76,9,10.0
334,Yeppoon,AU,2020-06-21 04:08:20,-23.13,150.73,75.2,44,75,8.05
335,Alice Springs,AU,2020-06-21 04:04:48,-23.7,133.88,60.8,31,0,5.82
336,Krasnyy Chikoy,RU,2020-06-21 04:08:21,50.36,108.75,74.1,35,97,4.97
337,Marrakesh,MA,2020-06-21 04:08:21,31.63,-8.01,71.6,46,0,3.36
338,Coihaique,CL,2020-06-21 04:01:44,-45.58,-72.07,39.2,80,75,3.36
339,Dolores,AR,2020-06-21 04:08:21,-36.31,-57.68,49.01,86,100,10.45
340,Evensk,RU,2020-06-21 04:08:22,61.95,159.23,66.16,48,11,9.1
341,Bowmore,US,2020-06-21 04:08:22,34.94,-79.3,71.6,83,1,2.71
342,Sylacauga,US,2020-06-21 04:08:22,33.17,-86.25,77.0,83,90,1.9
343,Touros,BR,2020-06-21 04:08:23,-5.2,-35.46,71.6,100,40,4.7
344,Bandarban,BD,2020-06-21 04:08:23,22.2,92.23,86.0,74,75,13.87
345,Valparaiso,CL,2020-06-21 04:08:08,-33.04,-71.63,55.4,87,90,4.7
346,Cidreira,BR,2020-06-21 03:59:14,-30.18,-50.21,66.27,87,0,10.07
347,Strai,NO,2020-06-21 04:08:24,58.2,7.9,62.6,93,86,2.24
348,Inhambane,MZ,2020-06-21 04:08:24,-23.86,35.38,61.32,89,0,5.95
349,Wajir,KE,2020-06-21 04:08:24,1.75,40.06,75.2,73,25,4.7
350,Kattivakkam,IN,2020-06-21 04:08:24,13.22,80.32,91.4,52,90,11.41
351,Isangel,VU,2020-06-21 04:00:28,-19.55,169.27,80.6,57,20,5.82
352,Waverley,ZA,2020-06-21 04:08:25,-25.7,28.26,43.0,81,2,3.36
353,Chuy,UY,2020-06-21 04:01:53,-33.7,-53.46,58.41,96,98,8.79
354,Adrar,MR,2020-06-21 04:01:36,20.5,-10.07,96.46,15,67,14.74
355,Pangody,RU,2020-06-21 04:08:25,65.85,74.49,49.62,84,66,14.03
356,Garowe,SO,2020-06-21 04:08:26,8.41,48.48,77.65,58,52,25.43
357,Tuktoyaktuk,CA,2020-06-21 04:01:37,69.45,-133.04,39.2,93,90,10.29
358,Atambua,ID,2020-06-21 04:08:26,-9.11,124.89,83.05,53,0,2.26
359,Baghdad,IQ,2020-06-21 04:05:17,33.34,44.4,82.4,34,0,4.7
360,Maloy,NO,2020-06-21 04:08:27,61.94,5.11,61.0,93,99,4.7
361,Bada,RU,2020-06-21 04:08:27,51.39,109.87,76.77,25,63,8.14
362,Padang,ID,2020-06-21 04:00:45,-0.95,100.35,86.2,58,89,3.8
363,Saint-Joseph,RE,2020-06-21 04:08:27,-21.37,55.62,70.0,72,75,6.93
364,Adelaide,AU,2020-06-21 04:05:49,-34.93,138.6,59.0,76,40,19.46
365,Muisne,EC,2020-06-21 04:08:28,0.6,-80.03,76.77,86,100,5.73
366,Yenagoa,NG,2020-06-21 04:08:28,4.92,6.26,74.14,95,100,3.53
367,Morgan City,US,2020-06-21 04:08:28,29.7,-91.21,80.6,94,1,4.76
368,Westport,US,2020-06-21 04:07:43,41.14,-73.36,71.6,83,1,3.36
369,Osakarovka,KZ,2020-06-21 04:08:29,50.56,72.57,61.9,40,0,10.85
370,Kenora,CA,2020-06-21 04:06:07,49.82,-94.43,57.2,82,90,10.29
371,Paragominas,BR,2020-06-21 04:08:29,-2.97,-47.48,71.71,96,0,2.73
372,Mackay,AU,2020-06-21 04:08:30,-21.15,149.2,73.99,73,75,11.41
373,Vanimo,PG,2020-06-21 04:08:30,-2.67,141.3,85.01,70,53,6.8
374,Araceli,PH,2020-06-21 04:08:30,10.55,119.99,86.22,67,84,7.63
375,Alegrete,BR,2020-06-21 04:08:30,-29.78,-55.79,69.08,80,2,12.01
376,Tingi,TZ,2020-06-21 04:08:31,-11.3,35.03,52.16,87,2,0.45
377,Chirongui,YT,2020-06-21 04:01:08,-12.93,45.15,78.8,78,90,20.8
378,Tual,ID,2020-06-21 04:08:31,-5.67,132.75,80.29,81,44,20.67
379,Nekhayevskiy,RU,2020-06-21 04:08:32,50.41,41.76,72.0,69,100,1.99
380,Urdoma,RU,2020-06-21 04:08:32,61.75,48.54,44.67,61,64,11.68
381,Ulety,RU,2020-06-21 04:08:32,51.36,112.48,72.57,37,27,6.24
382,Arukutti,IN,2020-06-21 04:08:33,9.87,76.35,78.8,94,90,4.7
383,Halifax,CA,2020-06-21 04:05:36,44.65,-63.57,57.99,73,36,11.07
384,Concordia,AR,2020-06-21 04:08:33,-31.39,-58.02,73.99,84,100,5.01
385,Samarai,PG,2020-06-21 04:01:18,-10.62,150.67,80.38,82,23,10.13
386,Damghan,IR,2020-06-21 04:08:33,36.17,54.35,86.16,13,25,9.28
387,Huilong,CN,2020-06-21 04:01:42,31.81,121.66,75.99,84,89,4.0
388,Severo-Yeniseyskiy,RU,2020-06-21 04:08:34,60.37,93.04,45.9,72,100,6.38
389,Bella Union,UY,2020-06-21 04:08:34,-30.28,-57.6,73.09,77,98,13.65
390,Mananara,MG,2020-06-21 04:08:34,-16.17,49.77,72.28,90,100,10.11
391,Henties Bay,NA,2020-06-21 03:59:44,-22.12,14.28,59.0,51,17,2.8
392,Gorontalo,ID,2020-06-21 04:08:35,0.54,123.06,83.86,82,23,6.73
393,Karamursel,TR,2020-06-21 04:08:35,40.69,29.62,69.8,77,0,4.7
394,Hlobyne,UA,2020-06-21 04:08:35,49.39,33.26,66.85,91,94,10.45
395,Humaita,BR,2020-06-21 04:08:35,-7.51,-63.02,74.03,76,46,1.48
396,Cherskiy,RU,2020-06-21 04:01:16,68.75,161.3,83.39,24,69,6.17
397,Tiruchchendur,IN,2020-06-21 04:08:36,8.48,78.12,89.6,59,40,9.17
398,Muravlenko,RU,2020-06-21 04:08:36,63.79,74.52,49.48,91,100,17.74
399,Viedma,AR,2020-06-21 04:08:36,-40.81,-63.0,52.54,51,98,23.33
400,Chagoda,RU,2020-06-21 04:08:37,59.16,35.33,52.36,68,0,6.26
401,Monrovia,LR,2020-06-21 04:08:37,6.3,-10.8,77.83,82,100,5.46
402,Lethem,GY,2020-06-21 04:08:37,3.38,-59.8,75.9,87,79,6.67
403,Hervey Bay,AU,2020-06-21 04:08:38,-25.3,152.85,73.0,68,61,4.0
404,Arlit,NE,2020-06-21 04:08:38,18.74,7.39,87.66,11,37,8.12
405,Hay River,CA,2020-06-21 04:00:12,60.82,-115.8,82.4,30,20,9.17
406,Aksha,RU,2020-06-21 04:08:38,50.28,113.29,73.47,36,72,7.76
407,Seymchan,RU,2020-06-21 04:08:39,62.88,152.43,79.72,27,0,6.6
408,Rosarito,MX,2020-06-21 04:08:39,32.33,-117.03,66.0,77,90,6.93
409,Biak,ID,2020-06-21 04:01:48,-0.91,122.88,81.99,76,52,9.6
410,Ovre Ardal,NO,2020-06-21 04:08:40,61.32,7.8,60.22,74,100,6.35
411,Yatou,CN,2020-06-21 04:08:40,37.15,122.38,79.65,52,0,11.97
412,Buriti Dos Lopes,BR,2020-06-21 04:08:40,-3.17,-41.87,72.41,92,0,3.65
413,Katobu,ID,2020-06-21 04:08:40,-4.94,122.53,85.5,65,35,8.9
414,Bairiki,KI,2020-06-21 03:59:29,1.33,172.98,87.8,70,20,9.17
415,Mehamn,NO,2020-06-21 04:08:41,71.04,27.85,50.92,59,40,0.54
416,Jimeta,NG,2020-06-21 04:08:41,9.28,12.47,75.31,87,100,0.38
417,Eyl,SO,2020-06-21 04:08:41,7.98,49.82,82.54,56,95,26.78
418,Akom,CM,2020-06-21 04:08:41,2.67,12.71,65.89,100,39,2.42
419,Batagay-Alyta,RU,2020-06-21 04:01:02,67.8,130.41,85.3,21,22,3.22
420,Quatre Cocos,MU,2020-06-21 04:08:42,-20.21,57.76,71.01,88,75,14.99
421,Abnub,EG,2020-06-21 04:08:42,27.27,31.15,73.4,43,0,9.17
422,Ambulu,ID,2020-06-21 04:08:42,-8.35,113.61,84.92,67,30,7.54
423,Karak,JO,2020-06-21 04:08:43,31.17,35.75,57.2,87,0,4.99
424,Paine,CL,2020-06-21 04:08:43,-33.82,-70.75,50.0,93,75,4.7
425,San Cristobal,VE,2020-06-21 04:00:38,7.77,-72.22,64.74,88,42,4.18
426,Shenjiamen,CN,2020-06-21 04:08:43,29.96,122.3,71.17,96,100,13.85
427,Rojhan,PK,2020-06-21 04:08:44,28.69,69.95,97.74,41,0,13.22
428,Mwinilunga,ZM,2020-06-21 04:08:44,-11.74,24.43,45.57,69,0,4.29
429,Port Macquarie,AU,2020-06-21 03:59:00,-31.43,152.92,62.01,88,97,11.43
430,San Luis,AR,2020-06-21 04:08:44,-33.3,-66.34,48.0,78,9,2.48
431,Netrakona,BD,2020-06-21 04:08:45,24.88,90.72,89.35,66,7,10.13
432,Bilibino,RU,2020-06-21 04:08:45,68.05,166.44,83.17,26,70,18.86
433,Tutoia,BR,2020-06-21 04:08:45,-2.76,-42.27,76.06,87,4,7.52
434,Delta,NG,2020-06-21 04:08:46,5.5,6.0,74.5,96,100,3.62
435,Niltepec,MX,2020-06-21 04:08:46,16.57,-94.62,77.9,88,100,4.23
436,Umtata,ZA,2020-06-21 04:08:46,-31.59,28.78,59.0,47,0,12.75
437,Sept-Iles,CA,2020-06-21 04:08:38,50.2,-66.38,57.2,71,75,4.7
438,Ola,RU,2020-06-21 04:08:46,59.58,151.28,55.02,73,18,9.33
439,Carberry,CA,2020-06-21 04:08:47,49.87,-99.36,55.4,76,90,6.93
440,Celestun,MX,2020-06-21 04:08:47,20.87,-90.4,81.86,79,0,12.62
441,Miraflores,MX,2020-06-21 04:08:47,19.22,-98.81,68.0,60,90,5.82
442,Kandrian,PG,2020-06-21 04:08:48,-6.22,149.55,83.95,73,63,8.77
443,Semnan,IR,2020-06-21 04:08:00,35.57,53.4,83.62,13,0,2.01
444,Meulaboh,ID,2020-06-21 04:07:06,4.14,96.13,87.24,58,52,2.21
445,Baruun-Urt,MN,2020-06-21 04:08:49,46.68,113.28,64.08,72,100,17.29
446,Brae,GB,2020-06-21 04:08:49,60.4,-1.35,53.6,93,6,14.99
447,Kemin,KG,2020-06-21 04:06:04,42.78,75.69,74.05,31,0,4.03
448,Sakakah,SA,2020-06-21 04:01:22,29.97,40.21,71.6,49,0,5.82
449,Imbituba,BR,2020-06-21 04:08:50,-28.24,-48.67,71.6,83,1,9.17
450,Cilaos,RE,2020-06-21 04:08:50,-21.13,55.47,70.0,72,75,6.93
451,Baiyin,CN,2020-06-21 04:08:50,36.56,104.21,68.0,68,40,2.24
452,Buraydah,SA,2020-06-21 04:08:51,26.33,43.98,78.8,34,0,9.17
453,Aberdeen,GB,2020-06-21 04:04:03,57.14,-2.1,55.4,93,40,11.41
454,Cabo San Lucas,MX,2020-06-21 03:57:06,22.89,-109.91,87.8,35,40,11.41
455,Lixourion,GR,2020-06-21 04:08:52,38.2,20.43,73.0,54,0,20.87
456,Labuhan,ID,2020-06-21 04:08:52,-6.88,112.21,86.61,58,35,5.68
457,Lucapa,AO,2020-06-21 04:08:52,-8.42,20.74,56.79,49,0,4.59
458,Razole,IN,2020-06-21 04:08:52,16.48,81.83,84.18,70,99,3.96
459,Belmonte,BR,2020-06-21 03:58:45,-15.86,-38.88,68.0,88,20,3.36
460,Praia,CV,2020-06-21 04:01:00,14.92,-23.51,75.2,78,20,12.75
461,Yulara,AU,2020-06-21 04:00:28,-25.24,130.99,59.0,33,0,5.82
462,Mahad,IN,2020-06-21 04:08:53,18.08,73.42,84.52,71,61,5.66
463,Havre-Saint-Pierre,CA,2020-06-21 04:08:53,50.23,-63.6,46.4,93,20,6.93
464,Sultanpur,IN,2020-06-21 04:08:54,26.27,82.07,79.7,84,100,11.9
465,Manoel Urbano,BR,2020-06-21 04:08:54,-8.84,-69.26,73.99,82,0,2.04
466,Nelson Bay,AU,2020-06-21 04:08:54,-32.72,152.15,60.01,93,75,5.82
467,Pavlohrad,UA,2020-06-21 04:08:54,48.52,35.87,69.8,73,94,9.91
468,Anito,PH,2020-06-21 04:08:54,12.45,125.29,87.73,66,100,10.31
469,Rivadavia,AR,2020-06-21 04:08:55,-33.19,-68.46,50.0,61,33,3.36
470,Rochegda,RU,2020-06-21 04:08:55,62.8,43.25,47.07,63,58,8.81
471,Caltagirone,IT,2020-06-21 04:08:55,37.24,14.51,64.99,66,0,3.36
472,Alyangula,AU,2020-06-21 04:08:55,-13.85,136.42,82.4,34,0,12.75
473,Birstonas,LT,2020-06-21 04:08:56,54.62,24.03,64.4,82,85,4.7
474,Laguna,US,2020-06-21 04:01:02,38.42,-121.42,75.2,50,1,9.17
475,Huron,US,2020-06-21 04:08:56,41.15,-82.55,73.0,73,1,6.69
476,Aliwal North,ZA,2020-06-21 04:08:56,-30.69,26.71,36.7,79,0,4.18
477,Faanui,PF,2020-06-21 04:00:26,-16.48,-151.75,78.26,85,100,16.13
478,Honningsvag,NO,2020-06-21 04:08:57,70.98,25.97,46.53,74,49,4.63
479,Jati,PK,2020-06-21 04:08:57,24.35,68.27,92.26,56,1,7.83
480,Tazmalt,DZ,2020-06-21 04:07:05,36.39,4.4,60.8,77,0,6.93
481,Koregaon,IN,2020-06-21 04:08:57,18.65,74.08,80.55,67,78,15.93
482,Jaffna,LK,2020-06-21 04:08:58,9.67,80.01,86.14,71,98,15.7
483,Porto Santo,PT,2020-06-21 04:08:58,33.07,-16.34,68.0,72,40,11.41
484,Emerald,AU,2020-06-21 04:08:58,-23.53,148.17,75.2,36,23,8.05
485,Vicuna,CL,2020-06-21 04:08:58,-30.03,-70.71,52.0,65,48,4.99
486,Kavaratti,IN,2020-06-21 04:01:10,10.57,72.64,80.6,88,75,9.17
487,Tiznit,MA,2020-06-21 04:01:03,29.58,-9.5,65.01,72,0,1.7
488,Umm Lajj,SA,2020-06-21 04:08:59,25.02,37.27,84.34,36,1,9.35
489,Manaure,CO,2020-06-21 04:08:59,11.78,-72.44,82.63,75,100,17.07
490,Margate,GB,2020-06-21 04:08:59,51.38,1.39,63.0,84,100,4.0
491,Shache,CN,2020-06-21 04:09:00,38.42,77.24,84.4,13,0,3.8
492,Severnyy,RU,2020-06-21 04:09:00,50.68,36.55,69.8,68,75,6.71
493,Armizonskoye,RU,2020-06-21 04:09:00,55.95,67.67,55.81,93,100,6.08
494,Concesti,RO,2020-06-21 04:09:00,48.17,26.55,64.0,91,100,3.0
495,Lobito,AO,2020-06-21 04:09:01,-12.35,13.55,69.82,59,0,4.34
496,Fort-Shevchenko,KZ,2020-06-21 04:09:01,44.51,50.26,87.51,25,83,21.5
497,Bartica,GY,2020-06-21 04:09:01,6.4,-58.62,78.8,88,20,4.7
498,Sungairaya,ID,2020-06-21 04:09:02,0.7,108.9,84.11,74,99,2.46
499,Jizan,SA,2020-06-21 04:09:02,17.33,42.67,93.2,63,75,5.82
500,Koungheul,SN,2020-06-21 04:09:02,13.98,-14.8,78.21,81,93,13.87
501,Canto Do Buriti,BR,2020-06-21 04:09:02,-8.11,-42.94,73.63,69,0,7.9
502,Ambovombe,MG,2020-06-21 04:09:03,-25.17,46.08,66.13,80,82,2.42
503,Bubaque,GW,2020-06-21 04:09:03,11.28,-15.83,81.39,79,99,7.4
504,Sadon,RU,2020-06-21 04:09:03,42.85,44.0,66.2,88,56,4.47
505,Kerchevskiy,RU,2020-06-21 04:09:03,59.95,56.29,46.56,66,94,11.36
506,Lagoa,PT,2020-06-21 03:58:55,39.05,-27.98,65.26,92,0,15.79
507,The Pas,CA,2020-06-21 04:09:04,53.83,-101.25,51.8,81,90,5.68
508,Ostrovnoy,RU,2020-06-21 03:59:57,68.05,39.51,45.61,73,30,8.1
509,Gravdal,NO,2020-06-21 04:09:04,68.12,13.5,59.43,65,0,5.41
510,Sovetskiy,RU,2020-06-21 04:09:04,61.36,63.58,44.92,80,99,5.66
511,Yantal,RU,2020-06-21 04:09:05,56.85,105.25,76.05,36,23,5.68
512,Chapais,CA,2020-06-21 04:09:05,49.78,-74.85,64.4,88,1,6.93
513,Temba,ZA,2020-06-21 04:09:05,-25.38,28.26,43.0,81,8,3.36
514,Jauja,PE,2020-06-21 04:09:05,-11.78,-75.5,43.47,75,9,2.59
515,Taquarituba,BR,2020-06-21 04:09:05,-23.53,-49.24,61.61,78,0,2.51
516,Kloulklubed,PW,2020-06-21 04:09:06,7.04,134.26,78.8,83,75,10.29
517,Aripuana,BR,2020-06-21 04:01:12,-9.17,-60.63,70.66,72,3,1.16
518,Shingu,JP,2020-06-21 04:09:06,33.73,135.98,75.2,73,75,2.24
519,Qui Nhon,VN,2020-06-21 04:01:53,13.77,109.23,90.75,56,0,7.49
520,Port Moresby,PG,2020-06-21 04:09:07,-9.44,147.18,84.2,74,75,11.05
521,Shelburne,CA,2020-06-21 04:06:11,44.08,-80.2,73.99,73,40,4.21
522,Boyolangu,ID,2020-06-21 04:09:07,-8.12,111.89,82.49,74,69,10.0
523,Nanakuli,US,2020-06-21 04:09:07,21.39,-158.15,82.4,69,75,4.7
524,Lavrentiya,RU,2020-06-21 03:59:28,65.58,-171.0,56.17,44,0,14.29
525,Haines Junction,CA,2020-06-21 04:01:33,60.75,-137.51,54.61,52,18,11.23
526,Lyngseidet,NO,2020-06-21 04:09:08,69.58,20.22,50.0,76,0,12.75
527,Acarau,BR,2020-06-21 04:09:09,-2.89,-40.12,77.07,82,3,12.86
528,Maroantsetra,MG,2020-06-21 04:09:09,-15.43,49.73,73.99,88,99,10.04
529,Sechura,PE,2020-06-21 04:09:09,-5.56,-80.82,66.67,79,33,11.36
530,Moerai,PF,2020-06-21 04:09:09,-22.43,-151.33,70.23,70,99,18.37
531,Olafsvik,IS,2020-06-21 04:01:50,64.89,-23.71,52.0,74,77,5.32
532,Kralendijk,BQ,2020-06-21 04:09:10,12.15,-68.27,82.4,83,63,13.87
533,Gandajika,CD,2020-06-21 04:09:10,-6.75,23.95,64.45,55,0,4.99
534,The Valley,AI,2020-06-21 04:09:10,18.22,-63.06,84.2,79,20,11.41
535,George Town,MY,2020-06-21 04:09:10,5.41,100.34,89.6,70,20,2.24
536,Hailar,CN,2020-06-21 04:09:11,49.2,119.7,69.15,44,85,10.92
537,Svelgen,NO,2020-06-21 04:09:11,61.77,5.3,61.0,93,99,4.7
538,Codrington,AU,2020-06-21 04:09:11,-38.27,141.97,54.19,72,97,7.63
539,Kudahuvadhoo,MV,2020-06-21 04:09:11,2.67,72.89,83.68,75,90,11.18
540,Berezovka,BY,2020-06-21 04:09:11,53.72,25.5,65.03,93,98,6.2
541,Hofn,IS,2020-06-21 04:09:12,64.25,-15.21,50.74,87,100,13.13
542,Kiknur,RU,2020-06-21 04:09:12,57.3,47.2,50.11,67,19,9.4
543,Camacha,PT,2020-06-21 04:09:12,33.08,-16.33,68.0,72,40,11.41
544,Wellington,NZ,2020-06-21 04:06:11,-41.29,174.78,50.0,93,96,19.46
545,Aloleng,PH,2020-06-21 04:09:13,16.13,119.78,85.33,70,1,5.86
546,El Dorado,US,2020-06-21 04:09:13,33.21,-92.67,75.2,94,1,3.53
547,Correntina,BR,2020-06-21 04:09:13,-13.34,-44.64,67.1,79,0,5.7
548,Tecoanapa,MX,2020-06-21 04:09:14,16.52,-98.75,81.72,81,100,2.39
549,Tilichiki,RU,2020-06-21 04:09:14,60.47,166.1,64.72,61,2,5.79
550,Solnechnyy,RU,2020-06-21 04:01:30,50.72,136.63,65.71,43,100,8.19
551,Alofi,NU,2020-06-21 04:00:48,-19.06,-169.92,77.0,83,97,11.41
552,Xuddur,SO,2020-06-21 04:09:15,4.12,43.89,71.47,73,6,22.28
553,Taoudenni,ML,2020-06-21 04:09:15,22.68,-3.98,93.58,11,1,5.41
554,Ulladulla,AU,2020-06-21 04:09:15,-35.35,150.47,64.4,36,27,13.87
555,Salinopolis,BR,2020-06-21 03:58:31,-0.61,-47.36,78.66,84,15,11.59
556,Bayanday,RU,2020-06-21 04:09:16,53.07,105.51,71.74,45,38,4.56
557,San Policarpo,PH,2020-06-21 04:01:48,12.18,125.51,86.07,70,100,11.59
558,Makakilo City,US,2020-06-21 04:01:02,21.35,-158.09,82.4,69,75,4.7
559,Bandipur,NP,2020-06-21 04:09:16,27.93,84.42,72.66,88,95,2.64
560,Kieta,PG,2020-06-21 04:00:09,-6.22,155.63,83.53,74,45,3.49
561,College,US,2020-06-21 04:00:55,64.86,-147.8,60.8,100,90,3.09
562,Rio Gallegos,AR,2020-06-21 04:00:58,-51.62,-69.22,32.0,86,27,8.05
563,Tessalit,ML,2020-06-21 04:09:17,20.2,1.01,86.99,13,29,3.58
564,San Vicente,AR,2020-06-21 04:09:17,-26.62,-54.13,66.72,75,0,7.43
565,Korla,CN,2020-06-21 04:09:18,41.76,86.15,75.0,72,0,9.69
566,Mantamados,GR,2020-06-21 04:09:18,39.31,26.33,71.6,64,20,3.36
567,Ranong,TH,2020-06-21 04:09:18,9.97,98.63,80.6,94,75,6.93
568,Te Anau,NZ,2020-06-21 04:09:18,-45.42,167.72,44.01,67,1,1.59
569,Mouila,GA,2020-06-21 04:09:18,-1.87,11.06,72.0,92,99,0.92
570,Sao Joao Da Barra,BR,2020-06-21 04:05:52,-21.64,-41.05,71.94,88,0,9.26
571,Acajutla,SV,2020-06-21 04:09:19,13.59,-89.83,73.99,95,87,3.06
572,Bandar-E Anzali,IR,2020-06-21 04:09:19,37.47,49.46,82.4,48,0,6.93
573,Axim,GH,2020-06-21 04:09:20,4.87,-2.24,76.53,88,97,9.46
574,Valenca Do Piaui,BR,2020-06-21 04:09:20,-6.41,-41.75,73.17,69,0,9.64
575,Ulaanbaatar,MN,2020-06-21 04:05:26,47.91,106.88,60.8,72,40,11.18
576,Asyut,EG,2020-06-21 04:09:20,27.18,31.18,73.4,43,0,9.17
577,Newcastle,AU,2020-06-21 04:06:33,-32.93,151.78,60.01,93,75,5.82
578,Gat,IL,2020-06-21 04:09:21,31.61,34.76,71.01,83,3,10.02
579,Bitung,ID,2020-06-21 04:09:21,1.45,125.18,86.0,70,75,10.29
580,Puerto Penasco,MX,2020-06-21 04:09:21,31.32,-113.53,78.01,60,0,4.36
581,Penalva,BR,2020-06-21 04:09:21,-3.29,-45.17,72.54,97,0,1.1
