City_ID,City,Cloudiness,Country,Current Description,Date,Humidity,Lat,Lng,Max Temp,Rainfall,Snowfall,Wind Speed
0,Leshukonskoye,96,RU,overcast clouds,2020-06-22 05:17:51,46,64.9,45.76,57.06,0.0,0,9.1
1,Tasiilaq,90,GL,overcast clouds,2020-06-22 05:17:51,70,65.61,-37.64,48.2,0.0,0,2.24
2,Tessalit,16,ML,few clouds,2020-06-22 05:17:51,12,20.2,1.01,87.64,0.0,0,6.78
3,Jamestown,20,US,few clouds,2020-06-22 05:13:42,88,42.1,-79.24,68.0,0.0,0,4.7
4,Gat,0,IL,clear sky,2020-06-22 05:17:02,80,31.61,34.76,78.01,0.0,0,5.97
5,Vaini,40,TO,scattered clouds,2020-06-22 05:16:16,88,-21.2,-175.2,80.6,0.0,0,4.7
6,Atuona,29,PF,scattered clouds,2020-06-22 05:17:53,76,-9.8,-139.03,80.28,0.0,0,14.12
7,Orbetello,3,IT,clear sky,2020-06-22 05:17:53,82,42.44,11.22,69.01,0.0,0,4.7
8,Punta Arenas,97,CL,overcast clouds,2020-06-22 05:17:53,100,-53.15,-70.92,37.0,0.0,0,3.36
9,Tuatapere,3,NZ,clear sky,2020-06-22 05:17:53,83,-46.13,167.68,39.0,0.0,0,3.0
10,Mataura,0,NZ,clear sky,2020-06-22 05:17:53,83,-46.19,168.86,39.0,0.0,0,3.0
11,Beruwala,100,LK,overcast clouds,2020-06-22 05:17:54,71,6.48,79.98,84.85,0.0,0,13.09
12,Salalah,75,OM,broken clouds,2020-06-22 05:17:54,79,17.02,54.09,84.2,0.0,0,6.93
13,Hithadhoo,97,MV,overcast clouds,2020-06-22 05:17:54,66,-0.6,73.08,84.43,0.0,0,7.7
14,Makakilo City,75,US,broken clouds,2020-06-22 05:17:54,61,21.35,-158.09,82.4,0.0,0,8.05
15,Kavieng,12,PG,light rain,2020-06-22 05:17:55,71,-2.57,150.8,84.72,0.41,0,5.79
16,Nemuro,75,JP,mist,2020-06-22 05:17:27,93,43.32,145.57,53.6,0.0,0,5.82
17,Victoria,100,HK,overcast clouds,2020-06-22 05:17:55,70,22.29,114.16,93.0,0.0,0,11.01
18,Samarai,63,PG,broken clouds,2020-06-22 05:17:55,82,-10.62,150.67,80.62,0.0,0,11.25
19,Santa Rosalia,0,MX,clear sky,2020-06-22 05:17:56,32,27.32,-112.28,79.43,0.0,0,6.55
20,Ixtapa,90,MX,overcast clouds,2020-06-22 05:17:56,70,20.7,-105.2,84.2,0.0,0,0.96
21,Ushuaia,28,AR,scattered clouds,2020-06-22 05:16:02,86,-54.8,-68.3,33.8,0.0,0,5.82
22,Busselton,98,AU,moderate rain,2020-06-22 05:17:56,34,-33.65,115.33,66.0,1.04,0,23.98
23,Sioux Lookout,40,CA,scattered clouds,2020-06-22 05:15:38,87,50.1,-91.92,55.4,0.0,0,6.93
24,Ribas Do Rio Pardo,0,BR,clear sky,2020-06-22 05:17:57,61,-20.44,-53.76,63.79,0.0,0,2.95
25,Kodiak,90,US,overcast clouds,2020-06-22 05:17:57,81,57.79,-152.41,51.8,0.0,0,8.05
26,Vega De Alatorre,87,MX,overcast clouds,2020-06-22 05:17:57,81,20.03,-96.63,80.89,0.0,0,11.41
27,Falkenberg,93,SE,overcast clouds,2020-06-22 05:17:57,93,56.91,12.49,62.01,0.0,0,5.86
28,Port Elizabeth,22,ZA,few clouds,2020-06-22 05:17:58,93,-33.92,25.57,48.2,0.0,0,3.36
29,Barrow,90,US,mist,2020-06-22 05:15:02,93,71.29,-156.79,35.6,0.0,0,11.41
30,Upernavik,82,GL,broken clouds,2020-06-22 05:17:58,71,72.79,-56.15,39.54,0.0,0,7.87
31,Port Alfred,18,ZA,few clouds,2020-06-22 05:17:58,91,-33.59,26.89,55.99,0.0,0,1.01
32,Provideniya,9,RU,clear sky,2020-06-22 05:17:59,58,64.38,-173.3,57.2,0.0,0,8.95
33,Avarua,74,CK,light rain,2020-06-22 05:17:59,78,-21.21,-159.78,71.6,0.0,0,10.29
34,Albany,26,US,scattered clouds,2020-06-22 05:13:01,94,42.6,-73.97,75.99,0.0,0,2.59
35,Cayenne,75,GF,broken clouds,2020-06-22 05:17:59,100,4.93,-52.33,77.0,0.0,0,7.09
36,Kapaa,40,US,scattered clouds,2020-06-22 05:18:00,69,22.08,-159.32,80.6,0.0,0,9.17
37,Nikolskoye,0,RU,clear sky,2020-06-22 05:18:00,59,59.7,30.79,63.0,0.0,0,6.71
38,Zhireken,39,RU,scattered clouds,2020-06-22 05:18:00,42,52.82,117.31,69.37,0.0,0,7.49
39,Hermanus,77,ZA,broken clouds,2020-06-22 05:18:00,94,-34.42,19.23,48.0,0.0,0,6.04
40,Thompson,75,CA,broken clouds,2020-06-22 05:18:01,93,55.74,-97.86,55.4,0.0,0,2.68
41,Getafe,0,ES,clear sky,2020-06-22 05:18:01,52,40.31,-3.73,68.0,0.0,0,13.87
42,Ostrovnoy,12,RU,few clouds,2020-06-22 05:18:01,67,68.05,39.51,48.22,0.0,0,15.08
43,Bundaberg,1,AU,clear sky,2020-06-22 05:18:01,33,-24.85,152.35,73.4,0.0,0,9.17
44,Rikitea,71,PF,broken clouds,2020-06-22 05:18:01,68,-23.12,-134.97,70.34,0.0,0,17.09
45,Campo Verde,1,BR,clear sky,2020-06-22 05:18:02,72,-20.42,-54.07,62.6,0.0,0,8.05
46,Artyom,29,AZ,scattered clouds,2020-06-22 05:18:02,45,40.47,50.33,86.0,0.0,0,23.04
47,Cape Town,20,ZA,few clouds,2020-06-22 05:18:02,100,-33.93,18.42,50.0,0.0,0,3.36
48,Hurricane,1,US,clear sky,2020-06-22 05:18:02,12,37.18,-113.29,84.2,0.0,0,5.82
49,Cherskiy,27,RU,scattered clouds,2020-06-22 05:18:03,42,68.75,161.3,68.63,0.0,0,18.07
50,Batemans Bay,14,AU,few clouds,2020-06-22 05:18:03,62,-35.72,150.18,57.0,0.0,0,4.7
51,Puerto Ayora,26,EC,scattered clouds,2020-06-22 05:18:03,94,-0.74,-90.35,68.0,0.0,0,1.01
52,Vardo,40,NO,scattered clouds,2020-06-22 05:18:03,81,70.37,31.11,46.4,0.0,0,5.82
53,Bredasdorp,81,ZA,broken clouds,2020-06-22 05:18:04,100,-34.53,20.04,48.2,0.0,0,4.38
54,Lompoc,90,US,overcast clouds,2020-06-22 05:17:28,93,34.64,-120.46,57.2,0.0,0,6.93
55,Carnarvon,0,AU,clear sky,2020-06-22 05:16:09,51,-24.87,113.63,80.6,0.0,0,13.87
56,Yar-Sale,100,RU,overcast clouds,2020-06-22 05:16:03,86,66.83,70.83,42.98,0.0,0,14.38
57,Kununurra,0,AU,clear sky,2020-06-22 05:18:04,19,-15.77,128.73,84.2,0.0,0,10.29
58,East London,13,ZA,few clouds,2020-06-22 05:18:05,71,-33.02,27.91,55.4,0.0,0,9.17
59,Urengoy,95,RU,overcast clouds,2020-06-22 05:18:05,88,65.97,78.37,51.12,0.0,0,9.75
60,Vaitape,70,PF,broken clouds,2020-06-22 05:18:05,79,-16.52,-151.75,78.19,0.0,0,24.29
61,Necochea,42,AR,scattered clouds,2020-06-22 05:16:14,97,-38.55,-58.74,37.0,0.0,0,1.99
62,Clinton,1,US,clear sky,2020-06-22 05:13:17,88,42.59,-82.92,75.0,0.0,0,4.7
63,Ganzhou,100,CN,light rain,2020-06-22 05:18:06,65,28.82,115.43,91.58,0.17,0,9.37
64,Tirat Karmel,75,IL,broken clouds,2020-06-22 05:18:06,74,32.76,34.97,79.0,0.0,0,8.05
65,Chipinge,0,ZW,clear sky,2020-06-22 05:18:07,66,-20.19,32.62,50.14,0.0,0,1.95
66,Vostok,96,RU,overcast clouds,2020-06-22 05:18:07,80,46.49,135.88,59.92,0.0,0,2.77
67,Dali,59,CN,light rain,2020-06-22 05:18:07,54,25.7,100.18,77.94,0.14,0,7.23
68,Chokurdakh,81,RU,broken clouds,2020-06-22 05:18:07,41,70.63,147.92,69.28,0.0,0,16.67
69,New Norfolk,100,AU,moderate rain,2020-06-22 05:16:12,92,-42.78,147.06,54.0,1.27,0,1.01
70,Cidreira,53,BR,broken clouds,2020-06-22 05:16:08,87,-30.18,-50.21,67.6,0.0,0,7.63
71,Chuy,91,UY,overcast clouds,2020-06-22 05:18:08,96,-33.7,-53.46,57.76,0.0,0,3.4
72,Ribeira Grande,7,PT,clear sky,2020-06-22 05:18:08,88,38.52,-28.7,66.24,0.0,0,17.56
73,Yulara,0,AU,clear sky,2020-06-22 05:18:09,36,-25.24,130.99,62.6,0.0,0,12.75
74,Bud,23,US,few clouds,2020-06-22 05:18:09,97,39.45,-86.18,64.99,0.0,0,2.08
75,Luderitz,0,NA,clear sky,2020-06-22 05:18:09,76,-26.65,15.16,53.6,0.0,0,4.7
76,Yellowknife,20,CA,few clouds,2020-06-22 05:16:09,49,62.46,-114.35,72.0,0.0,0,10.29
77,Shahr-E Kord,0,IR,clear sky,2020-06-22 05:18:10,19,32.33,50.86,69.8,0.0,0,2.24
78,Qaanaaq,89,GL,overcast clouds,2020-06-22 05:18:10,73,77.48,-69.36,38.88,0.0,0,6.51
79,Hilo,90,US,overcast clouds,2020-06-22 05:15:11,61,19.73,-155.09,78.8,0.0,0,4.7
80,Pevek,51,RU,broken clouds,2020-06-22 05:18:10,85,69.7,170.31,37.44,0.0,0,20.36
81,Nyurba,30,RU,scattered clouds,2020-06-22 05:18:10,39,63.28,118.33,79.95,0.0,0,9.22
82,San Jose,20,US,few clouds,2020-06-22 05:18:01,72,37.34,-121.89,66.0,0.0,0,8.05
83,Bluff,9,NZ,clear sky,2020-06-22 05:18:11,83,-46.6,168.33,39.0,0.0,0,3.0
84,Luena,0,AO,clear sky,2020-06-22 05:18:11,63,-11.78,19.92,45.72,0.0,0,4.47
85,Victoria Point,0,AU,clear sky,2020-06-22 05:16:40,45,-27.58,153.3,69.01,0.0,0,5.99
86,Matagami,20,CA,mist,2020-06-22 05:18:12,93,49.75,-77.63,64.4,0.0,0,6.93
87,Hobart,75,AU,heavy intensity shower rain,2020-06-22 05:18:12,93,-42.88,147.33,54.0,4.57,0,10.29
88,Belmonte,14,BR,light rain,2020-06-22 05:18:12,88,-15.86,-38.88,68.0,0.13,0,5.82
89,Yuanli,75,TW,broken clouds,2020-06-22 05:18:13,66,24.44,120.65,93.99,0.0,0,12.75
90,Castro,0,BR,clear sky,2020-06-22 05:15:30,82,-24.79,-50.01,56.23,0.0,0,3.67
91,Saldanha,43,ZA,scattered clouds,2020-06-22 05:18:13,93,-33.01,17.94,46.4,0.0,0,3.36
92,Chapais,90,CA,light rain,2020-06-22 05:17:40,77,49.78,-74.85,68.0,0.0,0,9.17
93,Grand Gaube,3,MU,moderate rain,2020-06-22 05:18:14,82,-20.01,57.66,73.0,1.52,0,7.0
94,Verkhoyansk,2,RU,clear sky,2020-06-22 05:18:14,21,67.54,133.38,89.51,0.0,0,3.13
95,Chumikan,100,RU,overcast clouds,2020-06-22 05:18:15,93,54.72,135.31,41.43,0.0,0,8.66
96,Ouallam,42,NE,scattered clouds,2020-06-22 05:18:15,41,14.32,2.09,89.42,0.0,0,15.32
97,Bengkulu,81,ID,broken clouds,2020-06-22 05:18:15,67,-3.8,102.27,84.67,0.0,0,7.16
98,Butaritari,60,KI,broken clouds,2020-06-22 05:18:15,75,3.07,172.79,83.39,0.0,0,12.53
99,Lodwar,49,KE,scattered clouds,2020-06-22 05:18:16,50,3.12,35.6,82.74,0.0,0,2.68
100,Riyadh,5,SA,clear sky,2020-06-22 05:18:16,17,24.69,46.72,89.6,0.0,0,13.87
101,Kluczbork,100,PL,overcast clouds,2020-06-22 05:18:16,99,50.97,18.22,63.0,0.0,0,4.0
102,Gobabis,0,NA,clear sky,2020-06-22 05:18:16,69,-22.45,18.97,37.4,0.0,0,2.24
103,Qui Nhon,17,VN,few clouds,2020-06-22 05:18:16,62,13.77,109.23,89.04,0.0,0,16.71
104,Buala,27,SB,light rain,2020-06-22 05:18:17,76,-8.14,159.59,83.79,0.85,0,6.31
105,Lagoa,0,PT,clear sky,2020-06-22 05:17:28,87,39.05,-27.98,65.91,0.0,0,21.97
106,Carmelo,100,UY,overcast clouds,2020-06-22 05:18:17,87,-33.99,-58.29,51.8,0.0,0,4.81
107,Bahia Blanca,82,AR,broken clouds,2020-06-22 05:18:18,53,-38.72,-62.27,46.71,0.0,0,6.35
108,Kostrzyn,97,PL,overcast clouds,2020-06-22 05:18:18,99,52.4,17.23,64.99,0.0,0,8.01
109,Nishihara,90,JP,shower rain,2020-06-22 05:18:18,94,26.18,127.76,82.4,0.0,0,8.05
110,Wageningen,40,NL,scattered clouds,2020-06-22 05:18:18,93,51.97,5.67,60.01,0.0,0,3.36
111,Havoysund,40,NO,scattered clouds,2020-06-22 05:18:18,75,71.0,24.66,46.4,0.0,0,6.93
112,Kharan,0,PK,clear sky,2020-06-22 05:18:19,25,28.58,65.42,97.5,0.0,0,3.98
113,Ojinaga,1,MX,clear sky,2020-06-22 05:18:19,19,29.57,-104.42,91.4,0.0,0,3.36
114,Shimoda,75,JP,light intensity shower rain,2020-06-22 05:18:19,94,34.67,138.95,68.0,0.0,0,27.51
115,Coari,67,BR,broken clouds,2020-06-22 05:18:19,86,-4.08,-63.14,75.34,0.0,0,2.1
116,Wawa,78,NG,broken clouds,2020-06-22 05:18:20,92,9.9,4.42,74.3,0.0,0,5.99
117,Grand-Lahou,100,CI,light rain,2020-06-22 05:18:20,90,5.14,-5.02,75.87,0.33,0,8.46
118,Tilichiki,0,RU,light rain,2020-06-22 05:18:20,66,60.47,166.1,63.68,0.23,0,7.02
119,Sinnamary,1,GF,clear sky,2020-06-22 05:18:20,86,5.38,-52.95,77.99,0.0,0,7.83
120,Jackson,1,US,clear sky,2020-06-22 05:18:20,52,42.42,-122.83,69.8,0.0,0,4.7
121,Batticaloa,100,LK,overcast clouds,2020-06-22 05:18:21,54,7.71,81.69,90.57,0.0,0,15.19
122,Khorixas,0,NA,clear sky,2020-06-22 05:18:21,41,-20.37,14.97,52.99,0.0,0,9.15
123,Aleksandrov Gay,9,RU,clear sky,2020-06-22 05:18:22,56,50.15,48.57,66.79,0.0,0,17.0
124,Mount Gambier,75,AU,shower rain,2020-06-22 05:16:02,87,-37.83,140.77,51.8,0.0,0,16.11
125,Cabo San Lucas,4,MX,clear sky,2020-06-22 05:18:22,51,22.89,-109.91,79.0,0.0,0,5.26
126,Wamba,91,NG,overcast clouds,2020-06-22 05:18:22,94,8.93,8.6,72.41,0.0,0,1.52
127,Waipawa,89,NZ,light rain,2020-06-22 05:18:22,93,-41.41,175.52,55.0,0.13,0,8.05
128,Dikson,99,RU,light rain,2020-06-22 05:18:23,81,73.51,80.55,43.48,0.13,0,16.67
129,Broken Hill,75,AU,broken clouds,2020-06-22 05:18:23,54,-31.95,141.43,57.2,0.0,0,18.34
130,Marsabit,49,KE,scattered clouds,2020-06-22 05:18:23,77,2.33,37.99,64.45,0.0,0,7.43
131,Novoagansk,92,RU,moderate rain,2020-06-22 05:18:24,77,61.94,76.66,53.22,1.39,0,17.25
132,Andenes,36,NO,scattered clouds,2020-06-22 05:18:24,87,69.31,16.12,53.6,0.0,0,9.17
133,Dingle,76,PH,broken clouds,2020-06-22 05:15:52,62,11.0,122.67,89.82,0.0,0,6.62
134,San Patricio,18,MX,few clouds,2020-06-22 05:18:24,70,19.22,-104.7,80.8,0.0,0,2.77
135,Salinopolis,92,BR,light rain,2020-06-22 05:18:21,87,-0.61,-47.36,77.88,0.25,0,10.85
136,Oktyabrskoye,100,RU,light rain,2020-06-22 05:18:25,73,43.06,44.74,69.8,0.29,0,4.47
137,Rawson,79,AR,broken clouds,2020-06-22 05:18:25,52,-43.3,-65.1,48.13,0.0,0,15.61
138,Christchurch,26,NZ,scattered clouds,2020-06-22 05:16:58,87,-43.53,172.63,48.99,0.0,0,8.05
139,Dzhalil,12,RU,few clouds,2020-06-22 05:18:25,67,55.02,52.74,52.77,0.0,0,8.88
140,Lorengau,19,PG,few clouds,2020-06-22 05:18:26,63,-2.02,147.27,86.27,0.0,0,3.6
141,Constitucion,99,CL,overcast clouds,2020-06-22 05:18:26,78,-35.33,-72.42,51.19,0.0,0,8.99
142,Shirgaon,75,IN,haze,2020-06-22 05:18:26,74,19.7,72.7,87.8,0.0,0,12.75
143,Bahia De Caraquez,99,EC,overcast clouds,2020-06-22 05:18:26,85,-0.6,-80.42,74.48,0.0,0,9.46
144,Codrington,71,AU,light rain,2020-06-22 05:18:27,79,-38.27,141.97,55.08,0.59,0,20.22
145,Crib Point,100,AU,light rain,2020-06-22 05:18:27,95,-38.35,145.2,50.0,0.25,0,18.9
146,Lamar,1,US,clear sky,2020-06-22 05:18:27,94,33.67,-95.58,70.0,0.0,0,4.7
147,Saskylakh,72,RU,broken clouds,2020-06-22 05:18:27,43,71.92,114.08,73.11,0.0,0,8.55
148,Yemelyanovo,40,RU,scattered clouds,2020-06-22 05:18:28,55,56.17,92.68,66.2,0.0,0,2.24
149,Boditi,58,ET,broken clouds,2020-06-22 05:18:28,89,6.97,37.87,60.85,0.0,0,1.68
150,Arraial Do Cabo,0,BR,clear sky,2020-06-22 05:16:19,83,-22.97,-42.03,72.52,0.0,0,7.67
151,Severo-Kurilsk,96,RU,overcast clouds,2020-06-22 05:18:28,78,50.68,156.12,49.64,0.0,0,7.14
152,Kaitangata,0,NZ,clear sky,2020-06-22 05:18:29,73,-46.28,169.85,43.0,0.0,0,3.0
153,Elat,0,IL,clear sky,2020-06-22 05:18:29,19,29.56,34.95,89.6,0.0,0,7.96
154,Sainte-Anne-Des-Monts,53,CA,broken clouds,2020-06-22 05:18:30,90,49.12,-66.49,58.82,0.0,0,1.25
155,Tuktoyaktuk,75,CA,broken clouds,2020-06-22 05:18:30,71,69.45,-133.04,50.0,0.0,0,9.17
156,Nikel,39,RU,scattered clouds,2020-06-22 05:18:30,71,69.41,30.22,50.0,0.0,0,8.05
157,Saint-Philippe,32,RE,scattered clouds,2020-06-22 05:16:17,57,-21.36,55.77,75.2,0.0,0,3.36
158,Buraydah,0,SA,clear sky,2020-06-22 05:18:31,30,26.33,43.98,84.2,0.0,0,10.29
159,Coos Bay,20,US,few clouds,2020-06-22 05:18:31,87,43.37,-124.22,57.99,0.0,0,18.34
160,Okhotsk,100,RU,overcast clouds,2020-06-22 05:18:31,72,59.38,143.3,53.76,0.0,0,11.83
161,Komsomolskiy,1,UZ,clear sky,2020-06-22 05:18:32,14,40.43,71.72,91.4,0.0,0,2.24
162,Palatka,1,US,clear sky,2020-06-22 05:18:32,88,29.65,-81.64,75.99,0.0,0,2.75
163,Usinsk,100,RU,overcast clouds,2020-06-22 05:18:32,63,65.99,57.53,44.08,0.0,0,9.86
164,Raudeberg,98,NO,overcast clouds,2020-06-22 05:18:32,94,61.99,5.14,59.0,0.0,0,3.83
165,Labuhan,67,ID,broken clouds,2020-06-22 05:17:28,69,-6.88,112.21,85.01,0.0,0,4.63
166,Chokwe,0,MZ,clear sky,2020-06-22 05:18:33,89,-24.53,32.98,56.84,0.0,0,4.09
167,Fukue,20,JP,few clouds,2020-06-22 05:18:33,69,32.69,128.84,78.8,0.0,0,11.41
168,Yunyang,100,CN,overcast clouds,2020-06-22 05:18:33,86,33.45,112.71,71.74,0.0,0,5.75
169,West Bay,43,KY,scattered clouds,2020-06-22 05:18:34,85,19.37,-81.42,82.99,0.0,0,1.99
170,Diu,62,IN,broken clouds,2020-06-22 05:18:34,68,20.71,70.98,87.84,0.0,0,12.73
171,Shebunino,100,RU,light rain,2020-06-22 05:18:34,93,46.43,141.86,50.0,0.17,0,10.78
172,Tatui,0,BR,clear sky,2020-06-22 05:18:34,77,-23.36,-47.86,60.12,0.0,0,1.72
173,Fort Nelson,75,CA,broken clouds,2020-06-22 05:16:10,63,58.81,-122.7,60.8,0.0,0,5.82
174,Kilindoni,89,TZ,light rain,2020-06-22 05:18:35,81,-7.91,39.67,77.23,0.26,0,18.12
175,Port Keats,0,AU,clear sky,2020-06-22 05:18:35,25,-14.25,129.55,86.11,0.0,0,11.3
176,Ahipara,39,NZ,scattered clouds,2020-06-22 05:18:35,78,-35.17,173.17,59.9,0.0,0,8.05
177,Rincon,1,US,clear sky,2020-06-22 05:18:15,78,32.3,-81.24,80.6,0.0,0,6.93
178,Kysyl-Syr,0,RU,clear sky,2020-06-22 05:18:36,29,63.9,122.76,78.82,0.0,0,10.56
179,Albanel,20,CA,few clouds,2020-06-22 05:18:36,61,48.88,-72.45,77.0,0.0,0,8.05
180,Hambantota,20,LK,few clouds,2020-06-22 05:18:36,70,6.12,81.12,87.8,0.0,0,16.11
181,Krasnoselkup,100,RU,light rain,2020-06-22 05:18:37,84,65.7,82.47,52.36,0.27,0,14.07
182,Namibe,0,AO,clear sky,2020-06-22 05:18:37,55,-15.2,12.15,68.13,0.0,0,3.76
183,Tateyama,75,JP,light intensity shower rain,2020-06-22 05:18:37,88,34.98,139.87,69.8,0.0,0,17.22
184,Santa Cruz Cabralia,1,BR,clear sky,2020-06-22 05:18:38,88,-16.28,-39.02,68.0,0.0,0,5.82
185,Dharmanagar,36,IN,moderate rain,2020-06-22 05:18:38,77,24.37,92.17,88.63,1.66,0,1.68
186,Zvishavane,0,ZW,clear sky,2020-06-22 05:18:38,66,-20.33,30.07,47.88,0.0,0,1.79
187,Marawi,78,PH,moderate rain,2020-06-22 05:18:39,77,8.0,124.29,86.0,1.85,0,7.0
188,Taoudenni,24,ML,few clouds,2020-06-22 05:18:39,11,22.68,-3.98,97.56,0.0,0,19.28
189,Kismayo,87,SO,overcast clouds,2020-06-22 05:18:39,79,-0.36,42.55,80.42,0.0,0,18.28
190,Markova,81,UA,broken clouds,2020-06-22 05:18:40,92,48.68,24.41,62.4,0.0,0,5.59
191,Claye-Souilly,0,FR,clear sky,2020-06-22 05:18:40,93,48.94,2.69,53.6,0.0,0,4.7
192,Pangnirtung,97,CA,overcast clouds,2020-06-22 05:18:40,62,66.15,-65.71,46.33,0.0,0,1.9
193,Ponta Do Sol,40,PT,scattered clouds,2020-06-22 05:18:40,64,32.67,-17.1,69.8,0.0,0,14.99
194,Nanortalik,74,GL,broken clouds,2020-06-22 05:15:49,75,60.14,-45.24,45.18,0.0,0,5.82
195,Awbari,0,LY,clear sky,2020-06-22 05:18:41,41,26.59,12.78,70.32,0.0,0,11.65
196,Freetown,85,SL,light rain,2020-06-22 05:18:41,85,8.48,-13.23,78.01,0.23,0,4.18
197,Merritt Island,1,US,clear sky,2020-06-22 05:18:41,74,28.54,-80.67,80.6,0.0,0,4.7
198,Berlevag,75,NO,broken clouds,2020-06-22 05:17:30,93,70.86,29.09,42.8,0.0,0,17.22
199,Tabou,100,CI,light rain,2020-06-22 05:18:42,86,4.42,-7.35,76.08,0.19,0,10.02
200,Rio Gallegos,87,AR,overcast clouds,2020-06-22 05:18:42,74,-51.62,-69.22,37.4,0.0,0,6.93
201,Khatanga,93,RU,overcast clouds,2020-06-22 05:18:42,44,71.97,102.5,70.02,0.0,0,4.47
202,Sao Mateus,0,BR,clear sky,2020-06-22 05:18:43,92,-18.72,-39.86,64.78,0.0,0,3.22
203,Eydhafushi,100,MV,overcast clouds,2020-06-22 05:18:43,77,5.1,73.07,83.44,0.0,0,10.51
204,Geraldton,50,AU,scattered clouds,2020-06-22 05:18:43,22,-28.77,114.6,80.6,0.0,0,19.46
205,Makat,1,KZ,clear sky,2020-06-22 05:18:43,35,47.65,53.35,82.18,0.0,0,17.43
206,Chilliwack,40,CA,scattered clouds,2020-06-22 05:16:09,76,49.17,-121.94,60.8,0.0,0,3.36
207,Zyryanka,0,RU,clear sky,2020-06-22 05:18:44,18,65.75,150.85,89.87,0.0,0,10.04
208,Rocha,100,UY,overcast clouds,2020-06-22 05:18:44,94,-34.48,-54.33,56.23,0.0,0,8.61
209,Shamary,14,RU,few clouds,2020-06-22 05:18:44,61,57.34,58.22,53.92,0.0,0,7.94
210,Fortuna,90,US,overcast clouds,2020-06-22 05:18:44,93,40.6,-124.16,55.99,0.0,0,6.93
211,Vestbjerg,100,DK,moderate rain,2020-06-22 05:14:29,95,57.13,9.96,57.99,4.0,0,4.59
212,Havelock,7,US,clear sky,2020-06-22 05:18:45,96,34.88,-76.9,79.0,0.0,0,1.99
213,Srednekolymsk,0,RU,clear sky,2020-06-22 05:16:14,18,67.45,153.68,90.34,0.0,0,4.0
214,Havre-Saint-Pierre,90,CA,overcast clouds,2020-06-22 05:18:45,93,50.23,-63.6,51.8,0.0,0,6.93
215,Tiksi,84,RU,broken clouds,2020-06-22 05:18:45,82,71.69,128.87,40.42,0.0,0,9.1
216,Tura,4,IN,light rain,2020-06-22 05:18:46,68,25.52,90.22,87.13,0.21,0,5.35
217,Mercedes,100,AR,overcast clouds,2020-06-22 05:18:46,96,-34.65,-59.43,45.0,0.0,0,1.01
218,Benalla,93,AU,overcast clouds,2020-06-22 05:18:46,81,-36.55,145.98,55.99,0.0,0,4.7
219,La Paz,11,BO,few clouds,2020-06-22 05:18:46,34,-16.5,-68.15,37.4,0.0,0,2.24
220,La Pila,90,MX,heavy intensity rain,2020-06-22 05:18:47,100,22.05,-100.87,60.8,0.0,0,5.82
221,Veraval,73,IN,light rain,2020-06-22 05:18:47,72,20.9,70.37,86.92,0.3,0,12.62
222,Hamilton,90,US,moderate rain,2020-06-22 05:15:36,94,39.18,-84.53,70.0,1.02,0,3.67
223,Casas Grandes,0,MX,clear sky,2020-06-22 05:18:48,17,30.37,-107.95,77.09,0.0,0,14.67
224,Bethel,1,US,clear sky,2020-06-22 05:14:09,77,41.37,-73.41,69.8,0.0,0,3.44
225,Savannah Bight,57,HN,light rain,2020-06-22 05:18:49,80,16.45,-85.85,82.78,0.75,0,22.26
226,Talnakh,26,RU,scattered clouds,2020-06-22 05:15:42,36,69.49,88.4,64.4,0.0,0,17.9
227,Mali Zvornik,90,RS,moderate rain,2020-06-22 05:18:50,93,44.37,19.11,59.0,0.0,0,6.93
228,Half Moon Bay,90,US,mist,2020-06-22 05:18:50,93,37.46,-122.43,60.8,0.0,0,4.7
229,Ajaccio,0,FR,clear sky,2020-06-22 05:18:51,82,42.0,8.92,60.8,0.0,0,5.82
230,Dong Hoi,56,VN,broken clouds,2020-06-22 05:18:51,48,17.48,106.6,97.45,0.0,0,5.48
231,Alofi,72,NU,broken clouds,2020-06-22 05:14:59,78,-19.06,-169.92,78.8,0.0,0,9.17
232,Ilulissat,49,GL,scattered clouds,2020-06-22 05:18:51,75,69.22,-51.1,41.0,0.0,0,1.12
233,Longyearbyen,0,SJ,clear sky,2020-06-22 05:17:02,65,78.22,15.64,44.6,0.0,0,4.7
234,Tonantins,28,BR,light rain,2020-06-22 05:18:52,95,-2.87,-67.8,73.08,0.11,0,0.92
235,Norden,40,DE,scattered clouds,2020-06-22 05:14:14,87,53.6,7.2,62.01,0.0,0,3.36
236,Camabatela,0,AO,clear sky,2020-06-22 05:18:52,60,-8.19,15.38,55.9,0.0,0,2.04
237,Tawang,49,IN,light rain,2020-06-22 05:18:52,54,27.58,91.87,71.51,0.37,0,7.38
238,Kloulklubed,100,PW,moderate rain,2020-06-22 05:18:53,79,7.04,134.26,82.92,2.71,0,14.67
239,Souillac,40,MU,shower rain,2020-06-22 05:15:34,73,-20.52,57.52,73.4,0.0,0,11.41
240,Georgetown,20,MY,few clouds,2020-06-22 05:18:53,79,5.41,100.34,87.8,0.0,0,9.17
241,Saint-Joseph,37,RE,scattered clouds,2020-06-22 05:18:53,57,-21.37,55.62,75.2,0.0,0,3.36
242,Cascais,0,PT,clear sky,2020-06-22 05:18:53,95,38.7,-9.42,64.99,0.0,0,18.01
243,College,90,US,light rain,2020-06-22 05:18:54,93,64.86,-147.8,52.0,0.0,0,9.17
244,Guerrero Negro,7,MX,clear sky,2020-06-22 05:18:54,90,27.98,-114.06,62.51,0.0,0,14.92
245,Mamakan,0,RU,clear sky,2020-06-22 05:18:54,33,57.82,114.0,79.29,0.0,0,4.43
246,Hofn,100,IS,light rain,2020-06-22 05:18:55,89,64.25,-15.21,49.98,0.71,0,11.05
247,Koutiala,41,ML,scattered clouds,2020-06-22 05:18:55,49,12.39,-5.46,83.14,0.0,0,10.09
248,La Ronge,5,CA,clear sky,2020-06-22 05:15:41,81,55.1,-105.28,50.0,0.0,0,4.38
249,Beloha,60,MG,broken clouds,2020-06-22 05:18:55,79,-25.17,45.05,67.86,0.0,0,2.46
250,Ola,1,RU,clear sky,2020-06-22 05:18:55,67,59.58,151.28,58.33,0.0,0,9.71
251,Launceston,40,AU,scattered clouds,2020-06-22 05:16:44,87,-41.45,147.17,52.0,0.0,0,4.7
252,Tombouctou,35,ML,scattered clouds,2020-06-22 05:18:56,11,20.0,-3.0,91.83,0.0,0,9.78
253,Taltal,3,CL,clear sky,2020-06-22 05:18:56,74,-25.4,-70.48,56.53,0.0,0,0.29
254,Husavik,75,IS,drizzle,2020-06-22 05:18:56,81,66.04,-17.34,53.6,0.0,0,13.87
255,Sao Felix Do Xingu,0,BR,clear sky,2020-06-22 05:18:57,90,-6.64,-51.99,68.61,0.0,0,1.12
256,Iqaluit,90,CA,overcast clouds,2020-06-22 05:15:34,75,63.75,-68.51,39.2,0.0,0,5.17
257,Ashland,1,US,clear sky,2020-06-22 05:18:57,88,40.82,-82.27,69.8,0.0,0,6.93
258,Butembo,94,CD,overcast clouds,2020-06-22 05:18:57,100,0.15,29.28,58.37,0.0,0,1.86
259,Beyneu,100,KZ,overcast clouds,2020-06-22 05:17:30,11,45.32,55.2,89.46,0.0,0,9.13
260,Tynda,85,RU,overcast clouds,2020-06-22 05:18:58,58,55.17,124.72,60.26,0.0,0,4.9
261,Changping,87,CN,overcast clouds,2020-06-22 05:18:58,36,40.22,116.22,98.01,0.0,0,13.42
262,Abalak,63,RU,broken clouds,2020-06-22 05:18:58,79,58.13,68.59,49.06,0.0,0,6.11
263,San Andres,40,CO,scattered clouds,2020-06-22 05:17:26,83,12.58,-81.7,82.4,0.0,0,6.93
264,Fereydun Kenar,0,IR,clear sky,2020-06-22 05:18:59,35,36.69,52.52,86.0,0.0,0,11.41
265,Kenai,1,US,clear sky,2020-06-22 05:18:59,66,60.55,-151.26,57.2,0.0,0,11.41
266,Burns Lake,93,CA,overcast clouds,2020-06-22 05:19:00,55,54.23,-125.75,50.63,0.0,0,4.94
267,Dunedin,0,NZ,clear sky,2020-06-22 05:15:17,79,-45.87,170.5,42.01,0.0,0,1.99
268,Port Augusta,48,AU,light rain,2020-06-22 05:19:00,93,-32.5,137.77,54.0,0.13,0,17.22
269,Chicama,21,PE,few clouds,2020-06-22 05:19:00,83,-7.84,-79.15,63.09,0.0,0,4.68
270,Olds,80,CA,broken clouds,2020-06-22 05:16:05,92,51.78,-114.1,59.0,0.0,0,0.27
271,Bodden Town,51,KY,broken clouds,2020-06-22 05:19:01,84,19.28,-81.25,82.99,0.0,0,1.99
272,Clyde River,1,CA,clear sky,2020-06-22 05:19:01,93,70.47,-68.59,35.6,0.0,0,2.24
273,Lemon Tree Passage,40,AU,scattered clouds,2020-06-22 05:19:01,58,-32.73,152.04,61.0,0.0,0,23.04
274,Abbeville,20,FR,few clouds,2020-06-22 05:19:02,55,50.1,1.83,55.99,0.0,0,4.68
275,Mar Del Plata,75,AR,broken clouds,2020-06-22 05:14:27,100,-38.0,-57.56,45.0,0.0,0,4.7
276,Xining,77,CN,light rain,2020-06-22 05:19:02,46,36.62,101.77,68.45,0.15,0,4.74
277,Dashitou,100,CN,light rain,2020-06-22 05:19:02,83,43.31,128.51,73.49,0.74,0,6.87
278,Egvekinot,11,RU,few clouds,2020-06-22 05:19:02,44,66.32,-179.17,61.9,0.0,0,5.32
279,Saint George,1,US,clear sky,2020-06-22 05:16:10,12,37.1,-113.58,86.0,0.0,0,5.82
280,Ibra,86,OM,overcast clouds,2020-06-22 05:19:03,37,22.69,58.53,94.32,0.0,0,0.22
281,Linhares,0,BR,clear sky,2020-06-22 05:19:03,93,-19.39,-40.07,63.61,0.0,0,3.44
282,Normandin,20,CA,few clouds,2020-06-22 05:19:04,61,48.83,-72.53,77.0,0.0,0,8.05
283,Pozhva,70,RU,broken clouds,2020-06-22 05:19:04,66,59.09,56.08,52.57,0.0,0,8.5
284,Bolatice,90,CZ,light intensity drizzle,2020-06-22 05:19:04,93,49.95,18.08,62.01,0.0,0,5.82
285,Lazaro Cardenas,71,MX,broken clouds,2020-06-22 05:19:04,74,17.96,-102.2,81.61,0.0,0,2.24
286,Hervey Bay,7,AU,clear sky,2020-06-22 05:17:28,41,-25.3,152.85,73.0,0.0,0,8.01
287,Barinas,100,VE,overcast clouds,2020-06-22 05:19:05,76,8.62,-70.21,73.35,0.0,0,3.78
288,Singaraja,57,ID,broken clouds,2020-06-22 05:19:05,59,-8.11,115.09,85.42,0.0,0,3.06
289,Hasaki,75,JP,light rain,2020-06-22 05:19:05,100,35.73,140.83,68.0,0.0,0,19.46
290,Winnemucca,7,US,clear sky,2020-06-22 05:19:06,30,40.97,-117.74,75.99,0.0,0,8.01
291,Port Said,0,EG,clear sky,2020-06-22 05:19:06,82,31.26,32.28,72.7,0.0,0,12.82
292,Nakatsugawa,75,JP,broken clouds,2020-06-22 05:19:06,65,35.48,137.5,78.8,0.0,0,2.24
293,Bambous Virieux,40,MU,shower rain,2020-06-22 05:15:36,73,-20.34,57.76,73.4,0.0,0,11.41
294,Iskateley,100,RU,overcast clouds,2020-06-22 05:19:07,88,67.68,53.15,42.57,0.0,0,8.05
295,Korla,0,CN,clear sky,2020-06-22 05:15:42,17,41.76,86.15,82.58,0.0,0,2.48
296,Phan Thiet,55,VN,broken clouds,2020-06-22 05:19:07,70,10.93,108.1,86.22,0.0,0,5.14
297,Saint Anthony,1,US,clear sky,2020-06-22 05:19:08,88,45.02,-93.22,64.99,0.0,0,6.06
298,Aneho,40,TG,scattered clouds,2020-06-22 05:19:08,94,6.23,1.6,77.0,0.0,0,8.05
299,Meulaboh,100,ID,moderate rain,2020-06-22 05:19:08,94,4.14,96.13,75.33,1.96,0,6.08
300,Klaksvik,36,FO,scattered clouds,2020-06-22 05:19:08,100,62.23,-6.59,50.0,0.0,0,13.87
301,Belaya Gora,2,RU,clear sky,2020-06-22 05:19:09,15,68.53,146.42,93.88,0.0,0,6.91
302,Sao Joao Da Barra,0,BR,clear sky,2020-06-22 05:19:09,88,-21.64,-41.05,70.29,0.0,0,7.43
303,Tuensang,30,IN,moderate rain,2020-06-22 05:19:09,70,26.28,94.83,83.14,1.25,0,1.95
304,Dubbo,75,AU,broken clouds,2020-06-22 05:17:11,76,-32.25,148.62,51.8,0.0,0,10.29
305,Bandarbeyla,25,SO,scattered clouds,2020-06-22 05:19:10,46,9.49,50.81,87.69,0.0,0,24.11
306,Lebu,99,CL,light rain,2020-06-22 05:19:10,87,-37.62,-73.65,51.78,0.41,0,27.78
307,Deputatskiy,29,RU,scattered clouds,2020-06-22 05:19:10,27,69.3,139.9,82.54,0.0,0,12.26
308,Ambilobe,37,MG,scattered clouds,2020-06-22 05:19:10,71,-13.2,49.05,77.97,0.0,0,4.76
309,Coihaique,99,CL,light rain,2020-06-22 05:15:26,93,-45.58,-72.07,37.4,0.0,0,4.7
310,Kefamenanu,19,ID,few clouds,2020-06-22 05:19:11,63,-9.45,124.48,79.61,0.0,0,10.89
311,Cap Malheureux,4,MU,moderate rain,2020-06-22 05:19:11,83,-19.98,57.61,73.0,1.52,0,4.0
312,Coquimbo,99,CL,overcast clouds,2020-06-22 05:19:11,100,-29.95,-71.34,51.8,0.0,0,1.12
313,Barranca,91,PE,overcast clouds,2020-06-22 05:19:12,89,-10.75,-77.77,61.2,0.0,0,4.88
314,Sabang,100,ID,overcast clouds,2020-06-22 05:19:12,78,5.89,95.32,81.93,0.0,0,22.48
315,Porbandar,75,IN,broken clouds,2020-06-22 05:19:12,83,21.64,69.61,84.2,0.0,0,6.93
316,Tsurib,49,RU,scattered clouds,2020-06-22 05:19:12,49,42.24,46.83,63.41,0.0,0,3.67
317,Mega,86,ET,overcast clouds,2020-06-22 05:19:12,90,4.05,38.3,59.41,0.0,0,11.97
318,Jinchang,19,CN,few clouds,2020-06-22 05:19:13,29,38.5,102.17,74.44,0.0,0,4.36
319,Vorozhba,56,UA,light rain,2020-06-22 05:19:13,93,51.17,34.22,65.55,0.17,0,10.71
320,Koslan,82,RU,broken clouds,2020-06-22 05:19:13,55,63.46,48.9,51.13,0.0,0,5.59
321,Linxia,93,CN,overcast clouds,2020-06-22 05:19:14,61,35.6,103.21,64.11,0.0,0,3.04
322,Port Lincoln,17,AU,few clouds,2020-06-22 05:19:14,64,-34.73,135.87,57.43,0.0,0,19.1
323,Vangaindrano,29,MG,scattered clouds,2020-06-22 05:19:14,85,-23.35,47.6,67.84,0.0,0,3.67
324,Mahabaleshwar,100,IN,overcast clouds,2020-06-22 05:19:14,89,17.92,73.67,70.03,0.0,0,5.97
325,Aguas Verdes,71,PE,broken clouds,2020-06-22 05:19:14,82,-3.48,-80.25,72.86,0.0,0,3.56
326,Ancud,90,CL,overcast clouds,2020-06-22 05:19:15,93,-41.87,-73.82,46.99,0.0,0,18.34
327,Ambon,75,ID,light rain,2020-06-22 05:19:15,94,-3.7,128.18,80.01,0.0,0,5.82
328,Aykhal,40,RU,scattered clouds,2020-06-22 05:19:15,28,66.0,111.5,80.6,0.0,0,8.95
329,Katsuura,75,JP,moderate rain,2020-06-22 05:19:15,94,35.13,140.3,69.8,0.0,0,25.28
330,Sandwick,59,GB,broken clouds,2020-06-22 05:19:16,93,60.0,-1.25,51.8,0.0,0,10.29
331,Pacific Grove,90,US,overcast clouds,2020-06-22 05:16:00,87,36.62,-121.92,57.2,0.0,0,9.17
332,Valdivia,20,CL,light rain,2020-06-22 05:15:43,93,-39.81,-73.25,48.2,0.0,0,8.05
333,Kindu,44,CD,scattered clouds,2020-06-22 05:17:25,75,-2.95,25.95,71.46,0.0,0,1.48
334,Kozhva,99,RU,overcast clouds,2020-06-22 05:19:17,64,65.11,57.05,42.96,0.0,0,6.11
335,Nabinagar,40,BD,scattered clouds,2020-06-22 05:19:17,66,23.89,90.97,91.4,0.0,0,4.7
336,Pisco,28,PE,mist,2020-06-22 05:19:17,82,-13.7,-76.22,55.99,0.0,0,1.12
337,Nushki,0,PK,clear sky,2020-06-22 05:19:18,18,29.55,66.02,97.48,0.0,0,5.99
338,Faanui,70,PF,broken clouds,2020-06-22 05:19:18,81,-16.48,-151.75,77.4,0.0,0,24.36
339,Sola,97,VU,moderate rain,2020-06-22 05:19:18,81,-13.88,167.55,81.52,1.33,0,12.91
340,Kaeo,55,NZ,broken clouds,2020-06-22 05:19:18,3,-35.1,173.78,61.0,0.0,0,8.01
341,Camacha,40,PT,scattered clouds,2020-06-22 05:19:19,77,33.08,-16.33,68.0,0.0,0,12.75
342,Bibiani,91,GH,overcast clouds,2020-06-22 05:19:19,100,6.46,-2.32,70.81,0.0,0,1.28
343,Nuuk,20,GL,few clouds,2020-06-22 05:19:19,86,64.18,-51.72,39.2,0.0,0,5.82
344,Naze,75,JP,broken clouds,2020-06-22 05:19:20,83,28.37,129.48,78.8,0.0,0,19.46
345,Portland,20,US,few clouds,2020-06-22 05:19:20,63,45.52,-122.68,64.99,0.0,0,9.17
346,Kirakira,75,SB,moderate rain,2020-06-22 05:19:20,79,-10.45,161.92,82.63,1.23,0,8.08
347,Kahului,20,US,few clouds,2020-06-22 05:15:45,51,20.89,-156.47,84.2,0.0,0,17.22
348,Bluefields,100,NI,moderate rain,2020-06-22 05:19:21,93,12.01,-83.76,77.13,2.07,0,3.69
349,Shelburne,1,CA,clear sky,2020-06-22 05:19:21,100,44.08,-80.2,68.0,0.0,0,3.36
350,Gizo,7,SB,light rain,2020-06-22 05:19:21,73,-8.1,156.84,84.2,0.88,0,6.85
351,Santa Rita,2,BR,clear sky,2020-06-22 05:19:21,81,-7.11,-34.98,69.62,0.0,0,8.7
352,Isla Vista,1,US,clear sky,2020-06-22 05:15:32,87,34.41,-119.86,60.8,0.0,0,3.36
353,Tamandare,8,BR,clear sky,2020-06-22 05:19:22,74,-8.76,-35.1,75.56,0.0,0,10.04
354,Chazuta,29,PE,moderate rain,2020-06-22 05:19:22,89,-6.57,-76.14,71.58,1.27,0,0.4
355,Pangkalanbuun,100,ID,light rain,2020-06-22 05:19:22,82,-2.68,111.62,82.31,0.99,0,5.86
356,Cockburn Town,14,TC,few clouds,2020-06-22 05:19:22,84,21.46,-71.14,82.85,0.0,0,20.18
357,Katobu,65,ID,broken clouds,2020-06-22 05:19:23,60,-4.94,122.53,85.87,0.0,0,9.89
358,Hobyo,79,SO,broken clouds,2020-06-22 05:19:23,61,5.35,48.53,82.74,0.0,0,23.26
359,Mandalgovi,100,MN,overcast clouds,2020-06-22 05:15:43,35,45.76,106.27,72.07,0.0,0,11.48
360,Umm Kaddadah,76,SD,broken clouds,2020-06-22 05:19:23,42,13.6,26.69,86.18,0.0,0,11.5
361,Matamoros,66,MX,broken clouds,2020-06-22 05:19:00,39,25.53,-103.25,80.96,0.0,0,22.82
362,Bernay,0,FR,clear sky,2020-06-22 05:19:24,95,49.17,0.67,50.0,0.0,0,4.88
363,Tiznit,0,MA,clear sky,2020-06-22 05:19:24,61,29.58,-9.5,65.82,0.0,0,1.39
364,Ketchikan,20,US,few clouds,2020-06-22 05:19:24,76,55.34,-131.65,55.4,0.0,0,5.82
365,Mulatupo,92,PA,overcast clouds,2020-06-22 05:19:24,83,8.95,-77.77,78.44,0.0,0,2.98
366,Kelso,1,US,clear sky,2020-06-22 05:19:25,72,46.15,-122.91,61.0,0.0,0,2.3
367,Aklavik,75,CA,broken clouds,2020-06-22 05:19:25,71,68.22,-135.01,57.2,0.0,0,3.36
368,Anadyr,20,RU,few clouds,2020-06-22 05:19:25,33,64.75,177.48,77.0,0.0,0,11.18
369,Vung Tau,48,VN,scattered clouds,2020-06-22 05:19:25,74,10.35,107.08,85.95,0.0,0,10.31
370,Mitsamiouli,56,KM,light rain,2020-06-22 05:19:25,78,-11.38,43.28,79.36,0.45,0,11.01
371,Maxixe,20,MZ,mist,2020-06-22 05:19:26,93,-23.86,35.35,55.4,0.0,0,5.77
372,Cotonou,40,BJ,scattered clouds,2020-06-22 05:17:08,88,6.37,2.42,78.8,0.0,0,11.41
373,Qaqortoq,95,GL,overcast clouds,2020-06-22 05:19:26,61,60.72,-46.03,48.2,0.0,0,4.7
374,Alice Springs,0,AU,clear sky,2020-06-22 05:19:26,36,-23.7,133.88,60.8,0.0,0,9.17
375,Kailua,90,US,overcast clouds,2020-06-22 05:19:27,48,21.4,-157.74,87.8,0.0,0,6.93
376,Manaure,97,CO,overcast clouds,2020-06-22 05:19:27,74,11.78,-72.44,81.5,0.0,0,24.52
377,Sarkand,2,KZ,clear sky,2020-06-22 05:19:27,18,45.41,79.92,78.76,0.0,0,6.6
378,Linqiong,40,CN,scattered clouds,2020-06-22 05:19:27,100,30.42,103.46,79.0,0.0,0,4.47
379,Te Anau,0,NZ,clear sky,2020-06-22 05:19:27,80,-45.42,167.72,43.11,0.0,0,1.45
380,Jeremie,5,HT,clear sky,2020-06-22 05:19:28,77,18.65,-74.12,81.14,0.0,0,3.2
381,Uchaly,3,RU,clear sky,2020-06-22 05:19:28,55,54.3,59.45,52.75,0.0,0,7.29
382,Cleveland,40,US,moderate rain,2020-06-22 05:15:42,83,41.5,-81.7,69.8,1.52,0,6.38
383,Olinda,40,BR,scattered clouds,2020-06-22 05:19:28,69,-8.01,-34.86,78.8,0.0,0,12.75
384,Pinega,47,RU,scattered clouds,2020-06-22 05:19:28,42,64.7,43.39,60.08,0.0,0,10.94
385,Sistranda,75,NO,broken clouds,2020-06-22 05:19:29,87,63.73,8.83,60.8,0.0,0,4.7
386,Nago,90,JP,light rain,2020-06-22 05:19:29,94,26.59,127.98,78.8,0.0,0,6.93
387,Puerto Madero,85,MX,moderate rain,2020-06-22 05:19:29,86,14.72,-92.42,79.0,1.54,0,10.47
388,Sitrah,0,BH,clear sky,2020-06-22 05:19:29,55,26.15,50.62,91.4,0.0,0,18.34
389,Koumra,99,TD,overcast clouds,2020-06-22 05:19:30,80,8.91,17.55,73.89,0.0,0,3.27
390,Moranbah,3,AU,clear sky,2020-06-22 05:19:30,31,-22.0,148.05,74.82,0.0,0,9.08
391,Jumla,100,NP,overcast clouds,2020-06-22 05:15:04,82,29.27,82.18,75.0,0.0,0,1.01
392,Maragogi,0,BR,clear sky,2020-06-22 05:19:30,77,-9.01,-35.22,75.4,0.0,0,10.47
393,Tanout,0,NE,clear sky,2020-06-22 05:19:30,15,14.97,8.89,82.45,0.0,0,3.44
394,Ballina,0,AU,clear sky,2020-06-22 05:19:31,42,-28.87,153.57,66.99,0.0,0,13.87
395,Ampanihy,72,MG,broken clouds,2020-06-22 05:19:31,77,-24.7,44.75,67.32,0.0,0,2.98
396,Eureka,9,US,clear sky,2020-06-22 05:14:57,89,40.8,-124.16,57.0,0.0,0,3.0
397,Chernyshevskiy,64,RU,broken clouds,2020-06-22 05:19:31,49,63.01,112.47,75.63,0.0,0,9.48
398,Zhezkazgan,36,KZ,scattered clouds,2020-06-22 05:19:32,11,47.8,67.71,80.6,0.0,0,11.18
399,Champerico,100,GT,overcast clouds,2020-06-22 05:19:32,80,14.3,-91.92,81.99,0.0,0,6.53
400,Zeya,100,RU,overcast clouds,2020-06-22 05:19:32,75,53.75,127.27,59.22,0.0,0,1.77
401,Kambam,100,ID,overcast clouds,2020-06-22 05:19:32,69,5.25,96.86,83.35,0.0,0,2.68
402,Ambulu,69,ID,broken clouds,2020-06-22 05:19:33,66,-8.35,113.61,85.39,0.0,0,9.71
403,Ulaanbaatar,40,MN,scattered clouds,2020-06-22 05:17:18,45,47.91,106.88,68.0,0.0,0,11.18
404,Phalaborwa,0,ZA,clear sky,2020-06-22 05:19:33,55,-23.94,31.14,53.35,0.0,0,5.12
405,Afua,92,BR,light rain,2020-06-22 05:19:33,93,-0.16,-50.39,75.0,0.88,0,4.97
406,Port Hawkesbury,97,CA,overcast clouds,2020-06-22 05:19:33,98,45.62,-61.35,52.0,0.0,0,1.01
407,Presidente Epitacio,0,BR,clear sky,2020-06-22 05:17:01,58,-21.76,-52.12,66.02,0.0,0,5.55
408,Bani Walid,0,LY,clear sky,2020-06-22 05:19:34,41,31.76,13.99,71.49,0.0,0,8.59
409,Dulce Nombre De Culmi,100,HN,moderate rain,2020-06-22 05:19:34,93,15.1,-85.53,71.17,2.81,0,1.9
410,Parabel,100,RU,overcast clouds,2020-06-22 05:19:34,87,58.7,81.48,56.62,0.0,0,8.52
411,Airai,36,TL,scattered clouds,2020-06-22 05:16:14,65,-8.93,125.41,71.04,0.0,0,4.27
412,Jizan,20,SA,few clouds,2020-06-22 05:19:35,63,17.33,42.67,91.4,0.0,0,4.34
413,Kaihua,79,CN,broken clouds,2020-06-22 05:19:35,73,23.37,104.28,76.08,0.0,0,10.42
414,Omvriaki,75,GR,broken clouds,2020-06-22 05:19:35,77,39.1,22.27,71.01,0.0,0,6.93
415,Mogadishu,68,SO,broken clouds,2020-06-22 05:19:32,80,2.04,45.34,80.26,0.0,0,20.69
416,Aras,3,ES,clear sky,2020-06-22 05:19:36,87,42.56,-2.36,59.0,0.0,0,1.12
417,Muscatine,20,US,few clouds,2020-06-22 05:19:36,94,41.47,-91.13,71.6,0.0,0,7.54
418,Tromso,67,NO,broken clouds,2020-06-22 05:16:43,62,69.65,18.96,53.6,0.0,0,3.36
419,Villa Carlos Paz,64,AR,broken clouds,2020-06-22 05:19:37,69,-31.42,-64.5,46.0,0.0,0,8.05
420,Ifo,40,NG,thunderstorm,2020-06-22 05:19:37,100,6.81,3.2,77.0,0.0,0,3.38
421,Camacupa,0,AO,clear sky,2020-06-22 05:15:53,63,-12.02,17.48,43.52,0.0,0,3.42
422,Inirida,98,CO,light rain,2020-06-22 05:19:37,97,3.87,-67.92,73.89,0.9,0,2.1
423,Celestun,30,MX,scattered clouds,2020-06-22 05:19:38,82,20.87,-90.4,81.1,0.0,0,13.62
424,Bujumbura,31,BI,scattered clouds,2020-06-22 05:19:38,64,-3.38,29.36,70.99,0.0,0,2.71
425,Kaeng Khoi,47,TH,scattered clouds,2020-06-22 05:19:38,62,14.59,101.0,97.0,0.0,0,7.16
426,Innisfail,42,AU,scattered clouds,2020-06-22 05:16:09,73,-17.53,146.03,74.43,0.0,0,8.88
427,Mehamn,75,NO,broken clouds,2020-06-22 05:19:38,87,71.04,27.85,42.8,0.0,0,8.05
428,Caravelas,0,BR,clear sky,2020-06-22 05:19:39,78,-17.71,-39.25,66.72,0.0,0,0.98
429,Crepaja,75,RS,light rain,2020-06-22 05:19:39,100,45.01,20.64,64.4,0.0,0,10.29
430,Luwuk,92,ID,light rain,2020-06-22 05:19:39,71,-0.95,122.79,83.26,0.53,0,8.16
431,Rundu,0,NA,clear sky,2020-06-22 05:19:39,60,-17.93,19.77,43.56,0.0,0,5.44
432,Sassandra,100,CI,light rain,2020-06-22 05:19:39,90,4.95,-6.08,75.54,0.35,0,6.73
433,Bathsheba,40,BB,haze,2020-06-22 05:19:40,83,13.22,-59.52,82.4,0.0,0,23.04
434,Bulungu,0,CD,clear sky,2020-06-22 05:19:40,59,-4.55,18.6,66.16,0.0,0,1.25
435,Bunia,0,CD,clear sky,2020-06-22 05:19:40,88,1.57,30.25,64.62,0.0,0,2.06
436,Biak,85,ID,light rain,2020-06-22 05:19:32,75,-0.91,122.88,81.79,0.56,0,9.4
437,Inongo,16,CD,few clouds,2020-06-22 05:19:41,82,-1.95,18.27,68.77,0.0,0,4.07
438,Khromtau,69,KZ,broken clouds,2020-06-22 05:19:41,73,50.25,58.43,60.8,0.0,0,16.6
439,Freeport,40,US,scattered clouds,2020-06-22 05:18:10,94,40.66,-73.58,72.0,0.0,0,6.93
440,Mlonggo,20,ID,few clouds,2020-06-22 05:19:41,62,-6.53,110.7,87.8,0.0,0,10.29
441,Narsaq,96,GL,overcast clouds,2020-06-22 05:16:19,61,60.92,-46.05,48.2,0.0,0,4.7
442,Turukhansk,50,RU,scattered clouds,2020-06-22 05:19:42,39,65.82,87.98,66.65,0.0,0,15.77
443,Raga,100,SS,overcast clouds,2020-06-22 05:19:42,90,8.46,25.68,71.28,0.0,0,5.44
444,Falun,28,SE,scattered clouds,2020-06-22 05:19:42,65,60.6,15.63,64.99,0.0,0,1.99
445,Kotelnikovo,99,RU,overcast clouds,2020-06-22 05:19:43,62,47.63,43.15,77.94,0.0,0,14.85
446,Cravo Norte,100,CO,moderate rain,2020-06-22 05:19:43,96,6.3,-70.2,74.77,2.41,0,4.65
447,Compuertas,0,MX,clear sky,2020-06-22 05:19:43,81,25.45,-108.35,78.01,0.0,0,3.0
448,Saurimo,0,AO,clear sky,2020-06-22 05:19:43,54,-9.66,20.39,50.9,0.0,0,6.22
449,North Battleford,0,CA,clear sky,2020-06-22 05:15:03,80,52.78,-108.28,50.0,0.0,0,3.0
450,Port-Gentil,36,GA,scattered clouds,2020-06-22 05:19:44,87,-0.72,8.78,74.39,0.0,0,12.33
451,Henties Bay,51,NA,broken clouds,2020-06-22 05:19:44,89,-22.12,14.28,53.01,0.0,0,9.28
452,Shushary,0,RU,clear sky,2020-06-22 05:19:44,59,59.81,30.38,63.0,0.0,0,6.71
453,Istanbul,40,TR,scattered clouds,2020-06-22 05:17:46,78,41.04,28.98,72.0,0.0,0,4.7
454,Chardara,4,KZ,clear sky,2020-06-22 05:19:45,18,41.25,67.97,89.44,0.0,0,4.09
455,Mount Barker,42,AU,light rain,2020-06-22 05:19:45,83,-35.07,138.87,55.0,0.13,0,8.01
456,Prachin Buri,55,TH,broken clouds,2020-06-22 05:19:45,56,14.05,101.37,95.0,0.0,0,3.04
457,Ahuimanu,90,US,overcast clouds,2020-06-22 05:17:31,48,21.44,-157.84,87.8,0.0,0,8.05
458,Gemlik,40,TR,mist,2020-06-22 05:19:45,93,40.43,29.16,69.8,0.0,0,3.36
459,Mahebourg,40,MU,shower rain,2020-06-22 05:19:46,73,-20.41,57.7,73.4,0.0,0,11.41
460,Honningsvag,75,NO,broken clouds,2020-06-22 05:19:46,87,70.98,25.97,42.8,0.0,0,8.05
461,Hastings,17,GB,few clouds,2020-06-22 05:19:46,87,50.86,0.57,52.0,0.0,0,5.82
462,San Quintin,56,MX,broken clouds,2020-06-22 05:19:47,86,30.48,-115.95,63.73,0.0,0,12.21
463,Harper,100,LR,light rain,2020-06-22 05:19:47,86,4.38,-7.72,76.05,0.13,0,9.64
464,Langsa,100,ID,overcast clouds,2020-06-22 05:16:39,52,4.47,97.97,91.44,0.0,0,3.44
465,Tomatlan,24,MX,few clouds,2020-06-22 05:19:47,70,19.93,-105.25,78.84,0.0,0,1.59
466,Marzuq,2,YE,clear sky,2020-06-22 05:19:47,23,14.4,46.47,89.17,0.0,0,2.46
467,Moron,100,AR,overcast clouds,2020-06-22 05:19:05,91,-34.65,-58.62,53.01,0.0,0,3.44
468,Rongcheng,92,CN,light rain,2020-06-22 05:19:48,99,30.63,117.85,82.0,0.43,0,3.44
469,Torbay,75,CA,broken clouds,2020-06-22 05:16:09,65,47.67,-52.73,48.0,0.0,0,18.34
470,Abu Kamal,0,SY,clear sky,2020-06-22 05:19:48,27,34.45,40.92,85.8,0.0,0,8.1
471,Balakhninskiy,0,RU,clear sky,2020-06-22 05:19:49,34,58.01,114.28,77.36,0.0,0,6.2
472,Sol-Iletsk,0,RU,clear sky,2020-06-22 05:19:49,59,51.16,54.99,62.65,0.0,0,11.92
473,Kosh-Agach,81,RU,broken clouds,2020-06-22 05:19:49,54,50.0,88.67,47.08,0.0,0,7.16
474,Victor Harbor,29,AU,moderate rain,2020-06-22 05:17:25,94,-35.57,138.62,53.01,3.56,0,1.99
475,Fare,81,PF,broken clouds,2020-06-22 05:19:49,79,-16.7,-151.02,77.34,0.0,0,24.4
476,Bata,95,GQ,light rain,2020-06-22 05:19:50,89,1.86,9.77,75.2,0.4,0,8.55
477,Carutapera,86,BR,overcast clouds,2020-06-22 05:19:50,93,-1.2,-46.02,74.8,0.0,0,4.07
478,Tabas,0,IR,clear sky,2020-06-22 05:19:50,10,33.6,56.92,98.6,0.0,0,11.41
479,Ostersund,45,SE,scattered clouds,2020-06-22 05:19:50,72,63.18,14.64,60.8,0.0,0,8.05
480,Mukhen,100,RU,light rain,2020-06-22 05:19:51,96,48.1,136.1,53.85,0.47,0,3.91
481,Magdagachi,99,RU,overcast clouds,2020-06-22 05:19:51,88,53.45,125.8,52.18,0.0,0,5.57
482,Gornyye Klyuchi,100,RU,light rain,2020-06-22 05:19:51,74,45.25,133.5,73.11,0.38,0,6.55
483,Bereda,47,ES,scattered clouds,2020-06-22 05:19:51,100,43.27,-7.54,54.0,0.0,0,1.99
484,Manokwari,82,ID,light rain,2020-06-22 05:19:52,65,-0.87,134.08,85.41,0.39,0,4.25
485,Altay,50,CN,scattered clouds,2020-06-22 05:19:52,34,47.87,88.12,59.18,0.0,0,5.32
486,Dwarka,100,IN,moderate rain,2020-06-22 05:19:53,78,22.24,68.97,83.08,1.46,0,3.62
487,Clermont,90,FR,overcast clouds,2020-06-22 05:19:53,100,49.5,2.42,52.0,0.0,0,2.24
488,Garowe,8,SO,clear sky,2020-06-22 05:19:53,46,8.41,48.48,82.38,0.0,0,27.74
489,Burgeo,99,CA,overcast clouds,2020-06-22 05:19:53,88,47.62,-57.62,47.98,0.0,0,8.14
490,Rorvik,36,NO,scattered clouds,2020-06-22 05:19:53,56,64.86,11.24,68.0,0.0,0,9.17
491,Gornopravdinsk,43,RU,light rain,2020-06-22 05:19:54,64,60.05,69.9,55.38,0.17,0,9.42
492,Peetri,0,EE,clear sky,2020-06-22 05:19:54,63,59.39,24.81,64.0,0.0,0,9.17
493,Lesnoy,27,RU,scattered clouds,2020-06-22 05:19:54,63,57.62,63.08,55.58,0.0,0,7.85
494,Bacolod,91,PH,light rain,2020-06-22 05:19:54,70,10.67,122.95,86.99,0.18,0,3.69
495,Erzin,0,TR,clear sky,2020-06-22 05:19:55,85,36.96,36.2,73.99,0.0,0,2.48
496,Bonavista,96,CA,overcast clouds,2020-06-22 05:19:55,72,48.65,-53.11,48.09,0.0,0,13.85
497,Cabedelo,10,BR,clear sky,2020-06-22 05:19:55,76,-6.98,-34.83,74.89,0.0,0,14.52
498,Shestakovo,10,RU,clear sky,2020-06-22 05:19:55,30,56.49,103.96,82.11,0.0,0,8.32
499,Ilinskiy,2,RU,clear sky,2020-06-22 05:19:55,63,55.62,38.12,64.0,0.0,0,6.71
500,Ilinge,0,ZA,clear sky,2020-06-22 05:19:56,95,-31.98,27.04,31.95,0.0,0,1.1
501,Esperance,0,AU,clear sky,2020-06-22 05:19:56,50,-33.87,121.9,57.2,0.0,0,16.11
502,Estelle,89,US,overcast clouds,2020-06-22 05:19:56,97,29.85,-90.11,81.0,0.0,0,6.8
503,Boende,1,CD,clear sky,2020-06-22 05:19:57,73,-0.22,20.87,71.69,0.0,0,1.3
504,Guhagar,100,IN,light rain,2020-06-22 05:19:05,68,17.48,73.19,85.3,0.86,0,5.48
505,Margate,12,GB,few clouds,2020-06-22 05:17:33,75,51.38,1.39,59.0,0.0,0,1.01
506,Luganville,75,VU,broken clouds,2020-06-22 05:19:57,88,-15.53,167.17,80.6,0.0,0,9.17
507,Itupiranga,0,BR,clear sky,2020-06-22 05:19:57,78,-5.13,-49.33,75.2,0.0,0,2.24
508,Pasighat,56,IN,moderate rain,2020-06-22 05:19:58,70,28.07,95.33,87.24,1.04,0,3.6
509,Vestmannaeyjar,100,IS,light rain,2020-06-22 05:19:58,94,63.44,-20.27,49.26,0.28,0,11.23
510,Ilhabela,1,BR,clear sky,2020-06-22 05:19:58,65,-23.78,-45.36,73.11,0.0,0,4.52
511,Prince Rupert,90,CA,overcast clouds,2020-06-22 05:18:15,76,54.32,-130.32,53.6,0.0,0,3.36
512,Asau,100,RO,light rain,2020-06-22 05:19:59,94,46.43,26.4,62.01,0.25,0,2.86
513,Boddam,0,GB,clear sky,2020-06-22 05:17:07,76,57.47,-1.78,50.0,0.0,0,8.05
514,Bratsk,20,RU,few clouds,2020-06-22 05:19:59,42,56.13,101.61,80.6,0.0,0,8.95
515,Kruisfontein,39,ZA,scattered clouds,2020-06-22 05:19:59,85,-34.0,24.73,50.58,0.0,0,4.9
516,Superior,90,US,overcast clouds,2020-06-22 05:19:59,93,46.72,-92.1,57.99,0.0,0,3.36
517,Flinders,37,AU,scattered clouds,2020-06-22 05:15:47,54,-34.58,150.86,60.01,0.0,0,8.99
518,Alice,1,US,clear sky,2020-06-22 05:20:00,83,27.75,-98.07,82.4,0.0,0,13.87
519,Port Moresby,40,PG,haze,2020-06-22 05:20:01,79,-9.44,147.18,84.2,0.0,0,11.41
520,Port Blair,35,IN,scattered clouds,2020-06-22 05:20:01,70,11.67,92.75,86.97,0.0,0,8.55
521,Rio Grande,40,BR,scattered clouds,2020-06-22 05:16:04,94,-32.03,-52.1,61.0,0.0,0,3.0
522,Rockland,22,US,few clouds,2020-06-22 05:20:01,92,41.17,-74.05,72.0,0.0,0,4.12
523,Lata,12,PT,few clouds,2020-06-22 05:20:02,99,40.16,-8.33,63.0,0.0,0,2.98
524,Codajas,52,BR,broken clouds,2020-06-22 05:20:02,88,-3.84,-62.06,74.14,0.0,0,2.37
525,Bilibino,55,RU,broken clouds,2020-06-22 05:20:02,29,68.05,166.44,80.35,0.0,0,12.86
526,Muhldorf,42,DE,light rain,2020-06-22 05:20:02,97,48.25,12.53,60.01,0.13,0,8.32
527,Sairang,75,IN,haze,2020-06-22 05:20:02,59,23.8,92.67,89.6,0.0,0,6.93
528,Atambua,16,ID,few clouds,2020-06-22 05:16:04,55,-9.11,124.89,82.74,0.0,0,2.82
529,Bose,45,IT,scattered clouds,2020-06-22 05:20:03,71,45.46,8.01,69.01,0.0,0,5.48
530,Sulangan,74,PH,broken clouds,2020-06-22 05:20:03,69,11.14,123.72,86.04,0.0,0,5.55
531,Tevaitoa,69,PF,broken clouds,2020-06-22 05:20:03,79,-16.78,-151.5,77.47,0.0,0,24.83
532,Fengzhen,100,CN,light rain,2020-06-22 05:20:04,66,40.44,113.15,68.7,0.28,0,5.01
533,Koungheul,33,SN,scattered clouds,2020-06-22 05:20:04,52,13.98,-14.8,84.92,0.0,0,8.39
534,Villazon,0,BO,clear sky,2020-06-22 05:20:04,70,-22.09,-65.59,37.92,0.0,0,1.83
535,Olafsvik,99,IS,light rain,2020-06-22 05:20:04,85,64.89,-23.71,50.81,0.24,0,14.36
536,Hami,3,CN,clear sky,2020-06-22 05:20:04,19,42.8,93.45,80.15,0.0,0,4.14
537,Payson,52,US,broken clouds,2020-06-22 05:20:05,36,40.04,-111.73,75.2,0.0,0,14.99
538,Rock Sound,100,BS,overcast clouds,2020-06-22 05:20:05,83,24.9,-76.2,81.7,0.0,0,10.87
539,Lasa,75,IT,broken clouds,2020-06-22 05:20:05,81,46.62,10.7,55.99,0.0,0,10.29
540,Dawei,14,MM,few clouds,2020-06-22 05:20:06,60,14.08,98.2,89.91,0.0,0,6.55
541,Dongsheng,100,CN,light rain,2020-06-22 05:20:06,72,39.82,109.98,62.47,0.12,0,10.18
542,Lokosovo,74,RU,light rain,2020-06-22 05:20:06,72,61.13,74.82,51.96,0.35,0,18.12
543,Batagay-Alyta,66,RU,broken clouds,2020-06-22 05:19:36,26,67.8,130.41,83.23,0.0,0,5.37
544,Hirara,75,JP,broken clouds,2020-06-22 05:20:07,79,24.8,125.28,87.8,0.0,0,12.75
545,Lalibela,8,ET,clear sky,2020-06-22 05:20:07,59,12.03,39.03,63.12,0.0,0,1.12
546,Agadez,0,NE,clear sky,2020-06-22 05:20:07,16,19.75,10.25,79.81,0.0,0,5.39
547,Dudinka,98,RU,overcast clouds,2020-06-22 05:20:07,36,69.41,86.18,64.4,0.0,0,17.9
548,Maningrida,14,AU,few clouds,2020-06-22 05:20:08,53,-12.07,134.27,83.7,0.0,0,8.99
549,Emborion,40,GR,scattered clouds,2020-06-22 05:20:08,55,40.48,21.55,62.6,0.0,0,6.93
550,Maiduguri,94,NG,overcast clouds,2020-06-22 05:20:08,58,11.85,13.16,80.2,0.0,0,6.64
551,Fairbanks,90,US,light rain,2020-06-22 05:16:56,93,64.84,-147.72,53.6,0.76,0,12.75
552,Bozoum,89,CF,overcast clouds,2020-06-22 05:20:09,93,6.32,16.38,66.67,0.0,0,2.44
553,San Ramon,1,US,clear sky,2020-06-22 05:15:30,77,37.78,-121.98,64.0,0.0,0,10.29
554,Krasnogorsk,2,RU,clear sky,2020-06-22 05:20:09,55,55.82,37.32,64.0,0.0,0,8.95
555,Mulege,0,MX,clear sky,2020-06-22 05:20:09,52,26.88,-111.98,80.4,0.0,0,1.45
556,Tyrma,94,RU,overcast clouds,2020-06-22 05:20:10,64,50.08,132.17,60.08,0.0,0,5.55
557,Nanuque,0,BR,clear sky,2020-06-22 05:20:10,85,-17.84,-40.35,63.95,0.0,0,1.28
558,Waddan,0,LY,clear sky,2020-06-22 05:20:10,55,29.16,16.14,68.81,0.0,0,5.95
559,Vestmanna,78,FO,light rain,2020-06-22 05:15:55,100,62.16,-7.17,50.0,0.16,0,14.99
560,Vila Franca Do Campo,40,PT,scattered clouds,2020-06-22 05:16:15,93,37.72,-25.43,64.4,0.0,0,8.05
561,Izumo,40,JP,scattered clouds,2020-06-22 05:20:11,58,35.37,132.77,82.4,0.0,0,16.11
562,Luangwa,4,ZM,clear sky,2020-06-22 05:20:11,75,-15.62,30.42,55.04,0.0,0,0.92
563,Safaga,1,EG,clear sky,2020-06-22 05:20:11,28,26.73,33.94,90.73,0.0,0,9.62
564,Lavrentiya,0,RU,clear sky,2020-06-22 05:20:11,53,65.58,-171.0,55.45,0.0,0,5.14
565,Bosaso,100,SO,overcast clouds,2020-06-22 05:20:12,42,11.28,49.18,94.23,0.0,0,12.01
566,Rumilly,4,FR,clear sky,2020-06-22 05:20:12,87,45.87,5.95,59.0,0.0,0,2.15
567,Orcopampa,92,PE,overcast clouds,2020-06-22 05:20:13,55,-15.27,-72.34,40.73,0.0,0,1.01
568,Yongan,100,CN,moderate rain,2020-06-22 05:20:13,56,39.7,113.69,74.25,1.22,0,5.26
569,Ucluelet,69,CA,broken clouds,2020-06-22 05:20:06,82,48.93,-125.55,55.99,0.0,0,6.24
570,Blackwater,0,AU,clear sky,2020-06-22 05:20:13,36,-23.58,148.88,70.61,0.0,0,9.64
571,Vila Velha,0,BR,clear sky,2020-06-22 05:20:13,93,-20.33,-40.29,66.0,0.0,0,7.05
572,Corner Brook,75,CA,broken clouds,2020-06-22 05:20:14,81,48.97,-57.95,53.6,0.0,0,11.41
573,Santa Maria Do Suacui,1,BR,clear sky,2020-06-22 05:20:14,94,-18.19,-42.41,56.34,0.0,0,2.04
